codigo_a, codigo_b, nome, classe
1012,21,TERM. JD. BRITÂNIA / JD. ROSINHA,Diurno
1012,10,TERM. JD. BRITANIA / JD. MONTE BELO,Diurno
1015,10,TERM. JD. BRITÂNIA / CHÁC. MARIA TRINDADE,Diurno
1016,10,CEM. DO HORTO / SHOP. CENTER NORTE,Diurno
1017,10,PERUS / CONEXÃO VL. IÓRIO,Diurno
1018,10,VL. ROSA / METRÔ SANTANA,Diurno
1019,10,SOL NASCENTE / TERM. PIRITUBA,Diurno
1020,10,PERUS / CONEXÃO VL. IÓRIO ,Diurno
1021,10,COHAB BRASILÂNDIA / TERM. PIRITUBA,Diurno
1023,10,VL. PIRITUBA / CPTM PIRITUBA,Diurno
1024,10,JD. CAROMBÉ / CONEXÃO PETRÔNIO PORTELA,Diurno
1025,10,JD. CAROMBÉ / CONEXÃO PETRÔNIO PORTELA,Diurno
1026,10,VL. IARA / CONEXÃO PETRÔNIO PORTELA,Diurno
1034,10,VL. IARA / CONEXÃO VL. IÓRIO,Diurno
1036,10,COHAB BRASILÂNDIA / CONEXÃO VL. IÓRIO,Diurno
106A,10,METRÔ SANTANA / ITAIM BIBI,Diurno
107T,10,METRÔ TUCURUVI / TERM. PINHEIROS,Diurno
1156,10,VL. SABRINA / PÇA. DO CORREIO,Diurno
1177,31,TERM. A. E. CARVALHO / LUZ,Diurno
1177,10,TERM. A. E. CARVALHO / LUZ,Diurno
1178,42,CONJ. HAB. VL. SÍLVIA / PÇA. DO CORREIO,Diurno
1178,33,PÇA. DO CORREIO / SÃO MIGUEL,Diurno
1178,32,ABEL TAVARES / PÇA. DO CORREIO,Diurno
1178,31,SÃO MIGUEL / PÇA. DO CORREIO,Diurno
1178,10,SÃO MIGUEL / PÇA. DO CORREIO,Diurno
118C,10,JD. PERY ALTO / TERM. AMARAL GURGEL,Diurno
118Y,10,LAUZANE PAULISTA / LAPA,Diurno
119C,10,PQ. EDU CHAVES / TERM. PRINC. ISABEL,Diurno
119L,10,VL. SULINA / TERM. LAPA,Diurno
1206,10,PQ. VL. MARIA / CORREIO,Diurno
121G,10,PQ. NOVO MUNDO / METRÔ TUCURUVI,Diurno
128Y,10,JD. PERY ALTO / LAPA,Diurno
129F,41,CONEXÃO PETRÔNIO PORTELA / PÇA. DO CORREIO,Diurno
129F,10,CONEXÃO PETRÔNIO PORTELA / METRÔ BARRA FUNDA,Diurno
139A,10,VL. IÓRIO / LAPA,Diurno
148L,10,COHAB ANTÁRTICA / LAPA,Diurno
148P,10,PEDRA BRANCA / METRÔ BARRA FUNDA,Diurno
1701,22,JOVA RURAL / METRÔ TUCURUVI,Diurno
1701,21,JOVA RURAL / METRÔ TUCURUVI,Diurno
1701,10,JOVA RURAL / METRÔ SANTANA,Diurno
1702,10,JOVA RURAL / TIETÊ,Diurno
1703,10,JD. FONTÁLIS / SHOP. CENTER NORTE,Diurno
1705,51,CEM. PQ. DA CANTAREIRA / METRÔ TUCURUVI,Diurno
1705,10,JD. SÃO JOÃO / METRÔ TUCURUVI,Diurno
1709,21,JD. JOAMAR / METRÔ TUCURUVI,Diurno
1709,10,JD. JOANA D'ARC / METRÔ TUCURUVI,Diurno
1720,21,VILA SABRINA / METRÔ TUCURUVI,Diurno
1720,10,JD. GUANCÃ / CANTAREIRA,Diurno
1721,10,VL. SABRINA / METRÔ CARANDIRU,Diurno
1722,10,JD. MARINA / METRÔ TUCURUVI,Diurno
1726,10,CEM. PQ. DOS PINHEIROS / METRÔ SANTANA,Diurno
172J,10,JD. BRASIL / TATUAPÉ,Diurno
172K,10,JD. TREMEMBÉ / METRÔ TATUAPÉ,Diurno
172N,10,SHOP. CENTER NORTE / METRÔ BELÉM,Noturno
172P,10,VL. ZILDA / METRÔ BELÉM,Diurno
172R,10,JAÇANÃ / METRÔ BELÉM,Diurno
172U,10,CEM. PQ. DOS PINHEIROS / MOOCA,Diurno
172X,10,PQ. NOVO MUNDO / METRÔ TATUAPÉ,Diurno
172Y,10,VL. CONSTANÇA / METRÔ BELÉM,Diurno
1730,10,CENTER NORTE / METRÔ SANTANA,Diurno
1732,10,VL. SABRINA / TERM. AMARAL GURGEL,Diurno
1738,10,VL. CONSTANÇA / METRÔ SANTANA,Diurno
1741,10,VL. DIONISIA / METRÔ SANTANA,Diurno
1742,10,JD. ANTÁRTICA / METRÔ SANTANA,Diurno
1743,10,JD. PERY ALTO / SHOP. D,Diurno
1744,10,LAUZANE PAULISTA / METRÔ SANTANA,Diurno
1745,10,VL.NOVA CACHOEIRINHA / SHOP. CENTER NORTE,Diurno
174M,10,VL. SABRINA / MUSEU DO IPIRANGA,Diurno
1756,10,PEDRA BRANCA / METRÔ SANTANA,Diurno
1757,10,CONJ. DOS BANCÁRIOS / METRÔ SANTANA ,Diurno
1758,10,JD. ANTÁRTICA / METRÔ SANTANA,Diurno
1759,10,JD. PERY / METRÔ SANTANA,Diurno
175P,10,METRÔ SANTANA / ANA ROSA,Diurno
175T,10,METRÔ SANTANA / METRÔ JABAQUARA,Diurno
1760,10,COHAB ANTÁRTICA / SHOP. CENTER NORTE,Diurno
1764,10,JD. CORISCO / METRÔ SANTANA,Diurno
1765,10,JD. CABUÇU / METRÔ PARADA INGLESA,Diurno
1767,10,PQ. EDU CHAVES / METRÔ PARADA INGLESA,Diurno
1771,10,JD. FONTÁLIS / METRÔ SANTANA,Diurno
1772,10,JD. FILHOS DA TERRA / METRÔ TUCURUVI,Diurno
1773,10,CEM. PQ. DOS PINHEIROS / MANDAQUI,Diurno
1775,10,VL. ALBERTINA / SHOP. CENTER NORTE,Diurno
1778,10,JD. CABUÇU / METRÔ SANTANA,Diurno
177H,21,METRÔ SANTANA / PINHEIROS,Diurno
177H,10,METRÔ SANTANA / CID. UNIVERSITÁRIA,Diurno
177Y,10,METRÔ BARRA FUNDA / PINHEIROS,Diurno
1780,10,JD. HEBRON / METRÔ PARADA INGLESA,Diurno
1782,10,VL. NOVA GALVÃO / METRÔ SANTANA,Diurno
1783,22,JD. LABITARY / METRÔ SANTANA,Diurno
1783,10,CACHOEIRA / METRÔ SANTANA,Diurno
1785,10,VL. AURORA / METRÔ SANTANA,Diurno
1786,10,VL. ALBERTINA / METRÔ SANTANA,Diurno
1787,10,VL. MARIETA / METRÔ SANTANA,Diurno
1788,51,JD. CAMPO LIMPO / METRÔ SANTANA,Diurno
1788,10,JD. FONTÁLIS / METRÔ SANTANA,Diurno
178A,10,METRÔ SANTANA / LAPA,Diurno
178L,10,LAUZANE PAULISTA / HOSP. DAS CLÍNICAS,Diurno
178T,10,METRÔ SANTANA / CEASA,Diurno
178Y,21,CONJ. DOS BANCÁRIOS / METRÔ JD. SÃO PAULO,Diurno
178Y,10,VL. AMÉLIA / METRÔ JD. SÃO PAULO,Diurno
179X,10,JD. FONTÁLIS / METRÔ BARRA FUNDA,Diurno
1896,10,JARAGUÁ / PÇA. RAMOS DE AZEVEDO,Diurno
189L,10,CONEXÃO VL. IÓRIO / LAPA,Diurno
199D,10,CONEXÃO VL. IÓRIO / TERM. PINHEIROS,Diurno
2002,10,TERM. PQ. D. PEDRO II / TERM. BANDEIRA,Diurno
2004,10,JD. NSA. SRA. DO CAMINHO / CPTM GUAIANASES,Diurno
2005,10,JD. ROMANO / SÃO MIGUEL,Diurno
2006,10,CID. KEMEL I / CPTM ITAIM PAULISTA,Diurno
2007,10,CID. KEMEL II / CPTM ITAIM PAULISTA,Diurno
2008,10,JD. NSA. SRA. DO CAMINHO / CPTM ITAIM PAULISTA,Diurno
2009,10,JD. ROBRU / CPTM GUAIANASES,Diurno
2010,10,PQ. EDU CHAVES / SHOP. D,Diurno
2011,10,VL. SABRINA / METRÔ SANTANA,Diurno
2012,10,VL. MEDEIROS / SHOP.D,Diurno
2013,10,COHAB ANTÁRTICA / CACHOEIRINHA,Diurno
2014,10,JD. PERY ALTO / METRÔ BARRA FUNDA,Diurno
2016,10,JD. DAS OLIVEIRAS / SÃO MIGUEL,Diurno
2017,10,JD. ROBRU / SÃO MIGUEL,Diurno
2018,10,JD. CAMPOS / SÃO MIGUEL,Diurno
2019,10,PQ. PAINEIRAS / SHOP. PENHA,Diurno
2020,10,HORTO FLORESTAL / METRÔ TUCURUVI,Diurno
2021,10,JD. BANDEIRANTES / CPTM GUAIANASES,Diurno
2023,41,JD. LABITARY / METRÔ TUCURUVI,Diurno
2023,10,CACHOEIRA / METRÔ TUCURUVI,Diurno
2024,10,DIB / CACHOEIRA,Diurno
2025,10,VL. NOVA GALVÃO / SANTANA,Diurno
2026,10,JAÇANÃ / PQ. NOVO MUNDO,Diurno
2028,10,VL. AYROSA / METRÔ TUCURUVI,Diurno
2029,10,JD. FONTÁLIS / METRÔ TUCURUVI,Diurno
2030,10,LAUZANE PAULISTA / METRÔ SANTANA,Diurno
2031,10,CID. KEMEL II / TERM. A. E. CARVALHO,Diurno
2032,10,JD. BRASIL / METRÔ CARANDIRU,Diurno
2033,10,VL. SABRINA / SHOP. D,Diurno
2058,10,TERM. SÃO MIGUEL / CPTM GUAIANASES,Diurno
2059,10,SÃO MIGUEL / CPTM GUAIANASES,Diurno
2060,10,TERM. A. E. CARVALHO / METRÔ ARTUR ALVIM,Diurno
2076,10,JD. DAS OLIVEIRAS / TERM. PENHA,Diurno
2079,10,JD. NÉLIA / CPTM ITAIM PAULISTA,Diurno
2080,10,CID. KEMEL / TERM. ARICANDUVA,Diurno
2088,10,CONJ. ENCOSTA NORTE / TERM. A. E. CARVALHO,Diurno
208M,10,METRÔ SANTANA / TERM. PINHEIROS,Diurno
208V,10,TERM. A. E. CARVALHO / TERM. PQ. D. PEDRO II,Diurno
209P,10,CACHOEIRINHA / TERM. PINHEIROS,Diurno
209P,1,CACHOEIRINHA / TERM. PINHEIROS,Diurno
2100,21,TERM. VL. CARRÃO / TERM. PQ. D. PEDRO II,Diurno
2100,10,TERM. VL. CARRÃO / PÇA. DA SÉ,Diurno
2101,41,PÇA. SILVIO ROMERO / TERM. VL. PRUDENTE,Diurno
2101,10,PÇA. SILVIO ROMERO / PÇA. DA SÉ,Diurno
2104,10,METRÔ SANTANA / TERM. PQ. D. PEDRO II,Diurno
2105,10,JD. FILHOS DA TERRA / LGO. DA CONCÓRDIA,Diurno
211L,10,MANDAQUI / LAPA,Diurno
211V,10,VL. PARANAGUÁ / PENHA,Diurno
2123,10,VL. MEDEIROS / LIBERDADE,Diurno
2127,10,PQ. EDU CHAVES / LIBERDADE,Diurno
213E,10,PQ. EDU CHAVES / METRÔ BELÉM,Diurno
2161,10,PQ. EDU CHAVES / PÇA. DO CORREIO,Diurno
2175,10,PQ. EDU CHAVES / TERM. PQ. D. PEDRO II,Diurno
2182,10,JD. BRASIL / PÇA. DO CORREIO,Diurno
2201,10,DIV. DE FERRAZ / CPTM GUAIANASES,Diurno
2202,10,JD. DAS OLIVEIRAS / CPTM GUAIANASES,Diurno
2203,10,BURGO PAULISTA / SHOP. PENHA,Diurno
2290,21,SÃO MATEUS / TERM. PQ. D. PEDRO II,Diurno
2290,10,TERM. SÃO MATEUS / TERM. PQ. D. PEDRO II,Diurno
233A,10,JD. HELENA / TERM. VL. CARRÃO,Diurno
233C,10,TERM. A. E. CARVALHO / CERET,Diurno
2363,10,JD. DANFER / TERM. PQ. D. PEDRO II,Diurno
2435,10,JD. COIMBRA / TERM. ARICANDUVA,Diurno
2451,10,VL. SÃO FRANCISCO / TERM. ARICANDUVA,Diurno
2522,10,JD. STO. ANTÔNIO / METRÔ ITAQUERA,Diurno
2523,10,VL. PROGRESSO / TERM. A. E. CARVALHO,Diurno
253F,10,TERM. A. E. CARVALHO / TERM. SÃO MATEUS,Diurno
2551,10,TERM. A. E. CARVALHO / TERM. PQ. D. PEDRO II,Diurno
2552,41,JD. SÃO MARTINHO / TERM. PQ. D. PEDRO II,Diurno
2552,10,VL. MARA / TERM. PQ. D. PEDRO II,Diurno
2582,21,CID. PEDRO JOSÉ NUNES / TERM. PQ. D. PEDRO II,Diurno
2582,10,VL. NOVA CURUÇÁ / TERM. PQ. D. PEDRO II,Diurno
2583,10,VL. CURUÇÁ / TERM. ARICANDUVA,Diurno
2590,10,UNIÃO DE VL. NOVA / PQ. D. PEDRO II,Diurno
2626,10,JD. NAZARÉ / TERM. PQ. D. PEDRO II,Diurno
263C,10,JD. HELENA / COHAB II,Diurno
263J,10,PENHA / CONJ. JOSÉ BONIFÁCIO,Diurno
2666,21,JD. CAMARGO VELHO / TERM. PQ. D. PEDRO II,Diurno
2666,10,JD. CAMARGO VELHO / TERM. PQ. D. PEDRO II,Diurno
2678,41,JD. CAMARGO NOVO / TERM. PQ. D. PEDRO II,Diurno
2678,10,OLIVEIRINHA / TERM. PQ. D. PEDRO II,Diurno
2702,21,JD. PEDRO JOSÉ NUNES / METRÔ ARTUR ALVIM,Diurno
2702,10,VL. AMERICANA / METRÔ ARTUR ALVIM,Diurno
2703,22,JD. GIANETTI / METRÔ ITAQUERA,Diurno
2703,21,JD. ETELVINA / METRÔ ITAQUERA,Diurno
2703,10,JD. ETELVINA / METRÔ ITAQUERA,Diurno
2704,10,JD. ROBRU / METRÔ ITAQUERA,Diurno
2705,10,JD. FANGANIELO / METRÔ ITAQUERA,Diurno
2707,31,CHABILÂNDIA / METRÔ ITAQUERA,Diurno
2707,10,CHABILÂNDIA / METRÔ ITAQUERA,Diurno
2708,10,JD. LAJEADO / METRÔ ITAQUERA,Diurno
2709,31,METRÔ PATRIARCA / VL. UNIÃO,Diurno
2709,10,METRÔ PATRIARCA / VL. UNIÃO,Diurno
2710,31,METRÔ PATRIARCA / TERM. A. E. CARVALHO,Diurno
2710,10,METRÔ PATRIARCA / BURGO PAULISTA,Diurno
2711,10,PONTE RASA / METRÔ PATRIARCA,Diurno
2712,10,JD. SÃO NICOLAU / SHOP. METRÔ ITAQUERA,Diurno
2713,10,METRÔ PENHA / CHÁC. BELA VISTA,Diurno
2714,10,METRÔ VL. MATILDE / VL. RUI BARBOSA,Diurno
2715,10,VL. SÍLVIA / METRÔ PATRIARCA,Diurno
2716,10,CHÁC. CRUZ. DO SUL / METRÔ PENHA,Diurno
2717,10,METRÔ GUILHERMINA/ESPERANÇA / CANGAÍBA,Diurno
2718,10,VL. SÍLVIA / METRÔ PENHA,Diurno
2719,10,ERMELINO MATARAZZO / METRÔ VL. MATILDE,Diurno
271A,51,CANGAÍBA / METRÔ SANTANA,Diurno
271A,10,TERM. PENHA / METRÔ SANTANA,Diurno
271C,10,PQ. VL. MARIA / TERM. PRINC. ISABEL,Diurno
271F,10,CENTER NORTE / METRÔ BELÉM     ,Diurno
271M,10,PQ. NOVO MUNDO / METRÔ SANTANA,Diurno
271P,10,CANGAÍBA / PÇA DO CORREIO,Diurno
2720,31,JD. BELÉM / METRÔ GUILHERMINA/ESPERANÇA,Diurno
2720,10,JD. BELÉM / METRÔ GUILHERMINA/ESPERANÇA,Diurno
2721,10,JD. NAZARÉ / METRÔ ITAQUERA,Diurno
2722,31,METRÔ GUILHERMINA/ESPERANÇA / JD. VERÔNIA,Diurno
2722,10,JD. VERONIA / METRÔ GUILHERMINA/ESPERANÇA,Diurno
2723,10,UNIÃO DE VL. NOVA / METRÔ ITAQUERA,Diurno
2724,10,METRÔ ARTUR ALVIM / CONJ. ARAUCÁRIA,Diurno
2725,10,METRÔ ARTUR ALVIM / JD. SÃO CARLOS,Diurno
2726,10,LIMOEIRO / METRÔ PENHA,Diurno
2727,10,METRÔ ARTUR ALVIM / CONJ. A. E. CARVALHO,Diurno
2728,10,JD. DO CASTELO / METRÔ PENHA,Diurno
272N,10,PQ. NOVO MUNDO / PQ. D. PEDRO II,Noturno
2730,10,VL. JACUI / METRÔ ARTUR ALVIM,Diurno
2731,10,VL. PROGRESSO / METRÔ ITAQUERA,Diurno
2732,10,METRÔ ARTUR ALVIM / VL. REGINA,Diurno
2733,10,PQ. GUARANI / METRÔ ITAQUERA,Diurno
2734,10,JD. CAMPOS / METRÔ ITAQUERA,Diurno
2735,21,JD. SÃO FRANCISCO / METRÔ PENHA,Diurno
2735,10,JD. KERALUX / METRÔ PENHA,Diurno
273D,10,PQ. D. JOÃO NERY / METRÔ ARTUR ALVIM,Diurno
273F,10,VL. MARA / METRÔ ITAQUERA,Diurno
273G,21,JD. NOÊMIA / METRÔ ARTUR ALVIM,Diurno
273G,10,JD. HELENA / METRÔ ARTUR ALVIM,Diurno
273J,10,JD. ROMANO / METRÔ PENHA,Diurno
273L,10,CPTM JOSÉ BONIFÁCIO / METRÔ ARTUR ALVIM,Diurno
273N,41,ITAIM PAULISTA / METRÔ VL. MATILDE,Noturno
273N,10,CID. KEMEL II / METRÔ VL. MATILDE,Noturno
273R,42,JD. ROBRU / METRÔ ITAQUERA,Diurno
273R,10,JD. ROBRU / METRÔ ARTUR ALVIM,Diurno
273V,10,PARADA XV DE NOVEMBRO / METRÔ PENHA,Diurno
273X,10,JD. DAS OLIVEIRAS / METRÔ ARTUR ALVIM,Diurno
2740,10,PEDRA BRANCA / METRÔ SANTANA,Diurno
274P,10,PENHA / METRÔ VL. MARIANA,Diurno
2755,10,GUAIANASES / METRÔ PENHA,Diurno
2756,10,GUAIANASES / METRÔ PATRIARCA,Diurno
2762,10,ERMELINO MATARAZZO / METRÔ TATUAPÉ,Diurno
2765,10,VL. CISPER / METRÔ TATUAPÉ,Diurno
2766,41,JD. INDAIÁ / METRÔ ITAQUERA,Diurno
2766,10,JD. CAMARGO VELHO / METRÔ ITAQUERA,Diurno
2767,10,CID. PEDRO JOSÉ NUNES / METRÔ TATUAPÉ,Diurno
2769,10,JD. ROMANO / METRÔ TATUAPÉ,Diurno
2770,10,CPTM JOSÉ BONIFÁCIO / METRÔ VL. MATILDE,Diurno
2772,10,JD. NAZARÉ / METRÔ PENHA,Diurno
2780,10,JD. CAMARGO NOVO / METRÔ ITAQUERA,Diurno
278A,10,METRÔ SANTANA / PENHA  ,Diurno
297A,10,VL. SANTA MARIA / METRÔ BARRA FUNDA,Diurno
3001,10,ITAIM PAULISTA / TERM. SÃO MIGUEL,Diurno
3002,10,JD. MABEL / SÃO MIGUEL,Diurno
3003,10,JD. SÃO MARTINHO / CPTM VL. MARA/ITAIM,Diurno
3004,10,JD. SÃO MARTINHO / CPTM VL. MARA/ITAIM,Diurno
3006,21,ETEC GUAIANASES / CPTM GUAIANASES,Diurno
3006,10,JD. FANGANIELO / CPTM GUAIANASES,Diurno
3008,10,JD. MIRIAM / CPTM ITAIM PAULISTA,Diurno
3009,10,ITAIM PAULISTA / CPTM ITAIM PAULISTA,Diurno
3010,10,CEM. DA SAUDADE / TERM. A. E. CARVALHO,Diurno
3013,10,TERM. CID. TIRADENTES / METALÚRGICOS,Diurno
3015,10,JD. ROMANO / JD. MABEL,Diurno
3019,10,TERM. CID. TIRADENTES / VL. PAULISTA I,Diurno
3020,10,COHAB JOSÉ BONIFÁCIO  / SHOP. ARICANDUVA,Diurno
3021,10,PQ. BANCÁRIO / TERM. VL PRUDENTE,Diurno
3023,10,SHOP. ARICANDUVA / PQ. SÃO RAFAEL,Diurno
3024,10,VL. INDUSTRIAL / TERM. VL PRUDENTE,Diurno
3025,10,JD. WILMA FLOR / CPTM GUAIANASES,Diurno
3026,10,VL. IOLANDA II / CPTM GUAIANASES,Diurno
3027,10,CPTM GUAIANASES / SHOP. ARICANDUVA,Diurno
3029,10,JD. DAS ROSAS / METRÔ TATUAPÉ,Diurno
3031,10,JD. ALTO PAULISTANO / METRÔ ITAQUERA,Diurno
3032,10,TERM. VL. CARRÃO / CIRCULAR,Diurno
3033,10,GUAIANASES / SÃO MATEUS,Diurno
3046,10,VL. GUARANI / METRÔ TATUAPÉ,Diurno
3051,10,ERMELINO MATARAZZO / TERM. A. E. CARVALHO,Diurno
3053,10,JD. ITÁPOLIS / METRÔ BELÉM,Diurno
3054,10,JD. PALANQUE / HOSP. SAPOPEMBA,Diurno
3063,41,GUAIANASES / TERM. SÃO MATEUS,Diurno
3063,10,GUAIANASES / TERM. SÃO MATEUS,Diurno
3064,41,TERM. CID. TIRADENTES / STA. ETELVINA II B6,Diurno
3064,10,CID. TIRADENTES / CPTM GUAIANASES,Diurno
3069,10,JD. RECANTO VERDE SOL / TERM. SÃO MATEUS,Diurno
307C,10,CONJ. ENCOSTA NORTE / METRÔ ARTUR ALVIM,Diurno
3098,31,SÃO MATEUS / JD. ELIZABETH,Diurno
3098,10,JD. SÃO FRANCISCO / SHOP. ARICANDUVA,Diurno
3099,10,HOSP. SÃO MATEUS / JD. DA CONQUISTA,Diurno
3112,10,VL. INDUSTRIAL / METRÔ BELÉM,Diurno
311C,10,PQ. SÃO LUCAS / BOM RETIRO,Diurno
312N,10,TERM. CID. TIRADENTES / SÃO MIGUEL PAULISTA,Noturno
3134,10,SHOP. ARICANDUVA / METRÔ TAMANDUATEÍ,Diurno
3139,10,JD. VL. FORMOSA / PÇA. JOÃO MENDES,Diurno
3141,10,SÃO MATEUS / TERM. PQ. D. PEDRO II,Diurno
314J,10,PQ. STA. MADALENA / PÇA. ALMEIDA JR.,Diurno
314V,10,VL. EMA / PÇA. ALMEIDA JR.,Diurno
3160,10,TERM. VL. PRUDENTE / TERM. PQ. D. PEDRO II,Diurno
3161,10,JD. COLORADO / TERM. PQ. D. PEDRO II,Diurno
3206,10,METRÔ PENHA / CONJ. CHAPARRAL,Diurno
3301,10,TERM. SÃO MIGUEL / TERM. PQ. D. PEDRO II,Diurno
3390,10,SÃO MATEUS / TERM. PQ. D. PEDRO II,Diurno
3414,10,VL. DALILA / TERM. PQ. D. PEDRO II,Diurno
342C,10,JD. MARÍLIA / PENHA,Diurno
342M,10,TERM. SÃO MATEUS / TERM. PENHA,Diurno
342N,10,COHAB PRES. JUSCELINO KUBITSCHECK / E.T. ITAQUERA,Noturno
3459,24,ITAIM PAULISTA / TERM. PQ. D. PEDRO II,Diurno
3459,23,METRÔ BRESSER / ITAIM PAULISTA,Diurno
3459,21,CEM. DA SAUDADE / TERM. PQ. D. PEDRO II,Diurno
3459,10,ITAIM PAULISTA / TERM. PQ. D. PEDRO II,Diurno
3462,41,JD. VL. NOVA / METRÔ TATUAPÉ,Diurno
3462,10,VL. SANTANA / METRÔ TATUAPÉ,Diurno
351F,10,JAÇANÃ / TERM. VL. CARRÃO,Diurno
352A,10,JD. HELENA / TERM. SÃO MATEUS,Diurno
3539,10,CID. TIRADENTES / METRÔ BRESSER,Diurno
354M,10,TERM. SÃO MIGUEL / TERM. SÃO MATEUS,Diurno
364A,10,HOSP. IPIRANGA / SHOP. ARICANDUVA,Diurno
3686,21,JD. SÃO PAULO / METRÔ VL. MATILDE,Diurno
3686,10,JD. SÃO PAULO / TERM. PQ. D. PEDRO II,Diurno
3712,51,VL. COSMOPOLITA / METRÔ ITAQUERA,Diurno
3712,10,JD. SÃO JOÃO / METRÔ ITAQUERA,Diurno
3718,10,METRÔ ARTUR ALVIM / NOVA AMERICA,Diurno
3721,41,SHOP. ARICANDUVA / METRÔ ITAQUERA,Diurno
3721,10,SHOP. ARICANDUVA / METRÔ ARTUR ALVIM,Diurno
3722,10,COHAB JOSÉ BONIFÁCIO / METRÔ PENHA,Diurno
3725,41,METRÔ VL. MATILDE / VL. ARICANDUVA,Diurno
3725,10,METRÔ VL. MATILDE / VL. DALILA,Diurno
3728,41,METRÔ ARTUR ALVIM / PQ. NOVA SAVOY,Diurno
3728,10,METRÔ ARTUR ALVIM / PQ. SAVOY CITY,Diurno
3729,10,SHOP. ARICANDUVA / METRÔ CARRÃO,Diurno
372F,10,UNIV. SÃO JUDAS TADEU / METRÔ BRESSER,Diurno
372U,10,VL. STA. ISABEL / METRÔ TATUAPÉ,Diurno
3731,10,SHOP. ARICANDUVA / METRÔ VL. MATILDE,Diurno
3732,10,CPTM JOSÉ BONIFÁCIO / METRÔ ITAQUERA,Diurno
3734,10,CID. LIDER / METRÔ ARTUR ALVIM,Diurno
3735,41,METRÔ ARTUR ALVIM / JD. SÃO JOSÉ,Diurno
3735,21,METRÔ ARTUR ALVIM / JD. SÃO JOÃO ,Diurno
3735,10,METRÔ ARTUR ALVIM / JD. SÃO JOÃO ,Diurno
3736,10,JD. NSA. SRA. DO CARMO / METRÔ ARTUR ALVIM,Diurno
3737,31,METRÔ GUILHERMINA/ESPERANÇA  / CIRCULAR,Diurno
3737,10,SHOP. ARICANDUVA / METRÔ GUILHERMINA/ESPERANÇA,Diurno
3738,10,COHAB JUSCELINO / METRÔ ITAQUERA,Diurno
3739,10,RECANTO VERDE SOL / METRÔ ITAQUERA,Diurno
373L,10,JD. LIMOEIRO / METRÔ ITAQUERA,Diurno
373M,10,JD. GUAIRACÁ / SHOP. METRÔ TATUAPÉ,Diurno
373T,10,JD. ITÁPOLIS / METRÔ BRESSER,Diurno
3741,10,CPTM D. BOSCO / METRÔ ITAQUERA,Diurno
3742,10,JD. LARANJEIRA / METRÔ ITAQUERA,Diurno
3743,10,SÃO MATEUS / METRÔ ITAQUERA,Diurno
3745,10,JD. IMPERADOR / METRÔ TATUAPÉ,Diurno
3746,31,JD. IMPERADOR / METRÔ BELÉM,Diurno
3746,10,JD. IMPERADOR / METRÔ BELÉM,Diurno
374M,10,CPTM ERMELINO MATARAZZO / METRÔ ITAQUERA,Diurno
374V,10,JD. SANTANA / METRÔ ITAQUERA,Diurno
3751,10,COHAB PRESTES MAIA / METRÔ ITAQUERA,Diurno
3754,10,INÁCIO MONTEIRO / METRÔ ITAQUERA,Diurno
3756,10,BARRO BRANCO / METRÔ ITAQUERA ,Diurno
3761,10,3A. DIVISÃO / METRÔ CARRÃO,Diurno
3762,10,JD. IVA / METRÔ TATUAPÉ,Diurno
3763,10,TERM. VL. CARRÃO / METRÔ TATUAPÉ,Diurno
3766,51,COHAB II / METRÔ ITAQUERA,Diurno
3766,10,COHAB II / METRÔ ITAQUERA,Diurno
3768,10,VL. YOLANDA / CPTM JOSÉ BONIFÁCIO,Diurno
3773,10,RES. STA. BÁRBARA / METRÔ CARRÃO,Diurno
3778,10,JD. STA. TEREZINHA / METRÔ CARRÃO,Diurno
3785,10,COHAB BARRO BRANCO / METRÔ ITAQUERA,Diurno
3787,10,CID. TIRADENTES / METRÔ ITAQUERA,Diurno
3789,10,CID. TIRADENTES / METRÔ ITAQUERA,Diurno
3791,10,SHOP. ARICANDUVA / METRÔ ARTUR ALVIM,Diurno
3795,10,JD. SÃO CARLOS / METRÔ ITAQUERA,Diurno
3796,10,GLEBA DO PESSEGO / METRÔ ITAQUERA,Diurno
3901,10,JD. DANFER / METRÔ PENHA,Diurno
3902,10,CPTM JD. ROMANO / CPTM GUAIANASES,Diurno
3903,10,JD. VL. NOVA / PENHA,Diurno
390E,42,ETEC PQ. BELÉM / METRÔ BELÉM,Diurno
390E,41,ETEC PQ. BELÉM / METRÔ TATUAPÉ,Diurno
390E,10,TERM. PENHA / TERM. PQ. D. PEDRO II,Diurno
4001,10,ITAQUERA / TERM. VL. CARRÃO,Diurno
4002,10,GUAIANASES / TERM. VL. CARRÃO,Diurno
4003,10,INÁCIO MONTEIRO / E.T. ITAQUERA,Diurno
4004,10,TERM. CID. TIRADENTES / BARRO BRANCO,Diurno
4005,10,TERM. CID. TIRADENTES / BARRO BRANCO,Diurno
4006,21,JD. NOVA VITÓRIA / CIRCULAR,Diurno
4006,10,JD. NOVA VITÓRIA / CIRCULAR,Diurno
4007,10,COHAB JUSCELINO / TERM. VL. CARRÃO,Diurno
4008,21,COHAB JOSÉ BONIFÁCIO C  / CIRCULAR,Diurno
4008,10,JD. CIBELE / TERM. VL. CARRÃO,Diurno
4010,10,JD. NSA. SRA. DO CARMO / TERM. VL. CARRÃO,Diurno
4011,10,JD. LIMOEIRO / TERM. SÃO MATEUS,Diurno
4012,10,JD. IGUATEMI / TERM. SÃO MATEUS,Diurno
4013,10,JD. STO. ANDRÉ / TERM. SÃO MATEUS,Diurno
4014,10,JD. VL. CARRÃO / TERM. VL. CARRÃO,Diurno
4015,10,TERM. SÃO MATEUS / JD. RODOLFO PIRANI,Diurno
4016,10,TERM. SÃO MATEUS / JD. RODOLFO PIRANI,Diurno
4017,10,METALÚRGICOS / VL. YOLANDA,Diurno
4018,10,METALÚRGICOS / TERM. SÃO MATEUS,Diurno
4019,10,METRÔ ITAQUERA  / CIRCULAR,Diurno
4020,10,E. T. ITAQUERA / JD. NOVO HORIZONTE,Diurno
4021,10,METRÔ ITAQUERA / VL. CHUCA,Diurno
4024,10,COHAB FAZENDA DO CARMO / E.T. ITAQUERA,Diurno
4025,10,VL. CALIFÓRNIA / METRÔ TATUAPÉ,Diurno
4027,41,MORRO DO CRUZEIRO / SÃO MATEUS,Diurno
4027,10,HOSP. SÃO MATEUS / JD. STO. ANDRÉ,Diurno
4028,10,HOSP. SÃO MATEUS / DIV. DE MAUÁ,Diurno
4029,10,SÃO MATEUS / TERM. VL PRUDENTE,Diurno
4030,10,FAZENDA DA JUTA / SHOP. ARICANDUVA,Diurno
4031,10,PQ. STA. MADALENA / METRÔ TAMANDUATEÍ,Diurno
4032,10,VL. DAS MERCÊS / OBJETIVO UNIP,Diurno
4033,10,JD. GUAIRACÁ / NOVA CONQUISTA,Diurno
4035,10,GUAIANASES / METRÔ ITAQUERA,Diurno
4036,10,METRÔ ITAQUERA / TERM. VL. CARRÃO,Diurno
4037,10,TERM. VL. CARRÃO / CIRCULAR,Diurno
403A,10,CPTM JOSÉ BONIFÁCIO / TERM. PENHA,Diurno
4051,10,JD. SÃO PAULO / CPTM GUAIANASES,Diurno
4052,10,CPTM GUAIANASES / METRÔ ITAQUERA,Diurno
4053,10,GUAIANASES / CPTM GUAIANASES,Diurno
4055,10,CPTM GUAIANASES / VL. SOLANGE,Diurno
4056,10,PQ. BOA ESPERANÇA / TERM. SÃO MATEUS,Diurno
407A,21,SHOP. ARICANDUVA / METRÔ BELÉM,Diurno
407A,10,SHOP. ARICANDUVA / LGO. DA CONCÓRDIA,Diurno
407E,10,JD. STO. ANDRÉ / METRÔ CARRÃO,Diurno
407F,10,TERM. SÃO MATEUS / METRÔ BELÉM,Diurno
407G,10,JD. NOVA VITÓRIA / METRÔ CARRÃO,Diurno
407H,10,JD. SÃO FRANCISCO / METRÔ ITAQUERA,Diurno
407I,21,CONJ. MANOEL DA NÓBREGA / METRÔ TATUAPÉ,Diurno
407I,10,CONJ. MANOEL DA NÓBREGA / METRÔ BRESSER,Diurno
407J,10,JD. SOARES / METRÔ TATUAPÉ,Diurno
407K,10,TERM. SÃO MATEUS / METRÔ CARRÃO,Diurno
407L,10,BARRO BRANCO / METRÔ GUILHERMINA/ESPERANÇA,Diurno
407M,10,VL. MONUMENTO / METRÔ VL. MARIANA,Diurno
407N,10,TERM. CID. TIRADENTES / METRÔ PENHA,Noturno
407P,10,TERM. CID. TIRADENTES / METRÔ TATUAPÉ,Diurno
407R,10,TERM. VL. CARRÃO / METRÔ BELÉM,Diurno
407T,10,JD. REDIL / METRÔ ITAQUERA,Diurno
407W,10,JD. IV CENTENÁRIO / METRÔ CARRÃO,Diurno
407Y,10,PQ. SAVOY CITY / METRÔ VL. PRUDENTE,Diurno
4085,10,COHAB FAZENDA DO CARMO / METRÔ ITAQUERA,Diurno
4086,10,TERM. CID. TIRADENTES / CIRCULAR,Diurno
408A,10,MACHADO DE ASSIS / CARDOSO DE ALMEIDA,Diurno
4092,10,TERM. CID. TIRADENTES / SETOR IIB,Diurno
4093,10,CID. TIRADENTES / TERM. CID. TIRADENTES,Diurno
4111,10,VL. MONUMENTO / PÇA. DA REPÚBLICA,Diurno
4112,10,STA. MARGARIDA MARIA / PÇA. DA REPÚBLICA,Diurno
4113,10,GENTIL DE MOURA / PÇA. DA REPÚBLICA,Diurno
4114,10,JD. DA SAÚDE / TERM. PQ. D. PEDRO II,Diurno
4115,10,SHOP. PLAZA SUL / PÇA. DA REPÚBLICA,Diurno
414P,10,VL. INDUSTRIAL / TERM. NORTE METRÔ CARRÃO,Diurno
4210,10,TERM. CID. TIRADENTES / TERM. PQ. D. PEDRO II,Diurno
4221,10,JD. PLANALTO / TERM. PQ. D. PEDRO II,Diurno
4222,10,PQ. STA. MADALENA / MOOCA,Diurno
425E,10,TERM. SAPOPEMBA / JD. ESTER,Diurno
4284,10,VL. CALIFÓRNIA / TERM. VL. PRUDENTE,Diurno
4286,10,VL. INDUSTRIAL / TERM. VL PRUDENTE,Diurno
4288,10,PQ. STA. MADALENA / TERM. PQ. D. PEDRO II,Diurno
4310,21,ARTUR ALVIM / TERM. PQ. D. PEDRO II,Diurno
4310,10,E.T. ITAQUERA / TERM. PQ. D. PEDRO II,Diurno
4311,10,TERM. SÃO MATEUS / TERM. PQ. D. PEDRO II,Diurno
4312,21,JD. MARÍLIA / METRÔ BELÉM,Diurno
4312,10,JD. MARÍLIA / TERM. PQ. D. PEDRO II,Diurno
4313,10,TERM. CID. TIRADENTES / TERM. PQ. D. PEDRO II,Diurno
4314,21,INÁCIO MONTEIRO / TERM. VL. CARRÃO,Diurno
4314,10,INÁCIO MONTEIRO / TERM. PQ. D. PEDRO II,Diurno
4315,10,TERM. VL. CARRÃO / TERM. PQ. D. PEDRO II,Diurno
4491,10,VL. LIVIERO / TERM. PQ. D. PEDRO II,Diurno
4706,10,JD. MARIA ESTELA II / METRÔ VL. MARIANA,Diurno
4708,10,JD. CLÍMAX / METRÔ VL. MARIANA,Diurno
4709,10,JD. SÃO SAVÉRIO / METRÔ VL. MARIANA,Diurno
4716,10,SACOMÃ / METRÔ STA. CRUZ,Diurno
4717,10,JD. MARIA ESTELA / METRÔ SAÚDE,Diurno
4718,10,JD. CELESTE / METRÔ STA. CRUZ,Diurno
4721,10,SHOP. PLAZA SUL / METRÔ JABAQUARA,Diurno
4724,10,METRÔ PATRIARCA / VL. NHOCUNÉ,Diurno
4725,10,VL. BRASILINA / SHOP. IBIRAPUERA,Diurno
4726,10,MOOCA / METRÔ TATUAPÉ,Diurno
4727,10,JD. CLÍMAX / METRÔ PÇA. DA ÁRVORE,Diurno
4729,10,PQ. BANCÁRIO / METRÔ BELÉM,Diurno
4732,31,VL. LIVIERO / METRÔ SAÚDE,Diurno
4732,10,VL. LIVIERO / METRÔ SAÚDE,Diurno
4734,21,VL. MORAES / METRÔ SAÚDE,Diurno
4734,10,VL. MORAES / METRÔ SAÚDE,Diurno
4735,10,SÃO MATEUS   / JD. VERA CRUZ,Diurno
4742,10,JD. CLÍMAX / METRÔ SÃO JUDAS,Diurno
475M,10,JD. DA SAÚDE / TERM. AMARAL GURGEL,Diurno
475R,10,JD. SÃO SAVÉRIO / TERM. PQ. D. PEDRO II,Diurno
476A,10,IPIRANGA / TERM. STO. AMARO,Diurno
476G,41,VL. INDUSTRIAL / METRÔ ANA ROSA,Diurno
476G,10,JD. ELBA / IBIRAPUERA,Diurno
476L,10,METRÔ VL. MARIANA / LAR ESC. SÃO FRANCISCO,Diurno
477A,10,SACOMÃ / TERM. PINHEIROS,Diurno
477P,10,IPIRANGA / RIO PEQUENO,Diurno
477U,10,HELIÓPOLIS / METRÔ VL. MARIANA,Diurno
478P,10,SACOMÃ / VL. ROMANA,Diurno
5010,10,JABAQUARA / STO. AMARO,Diurno
5011,10,ELDORADO / STO. AMARO,Diurno
5012,10,VL. GUACURI / JABAQUARA,Diurno
5013,31,JD. MIRIAM / STO. AMARO,Diurno
5013,10,JD. LUSO / STO. AMARO,Diurno
5015,10,JD. SÃO JORGE / METRÔ JABAQUARA,Diurno
5018,31,SHOP. INTERLAGOS / JABAQUARA,Diurno
5018,10,SHOP. INTERLAGOS / JABAQUARA,Diurno
5020,10,HOSP. HELIÓPOLIS / TERM. SACOMÃ,Diurno
5021,10,ÁGUA FUNDA / TERM. SACOMÃ,Diurno
5022,10,VL. STA. MARGARIDA / JABAQUARA,Diurno
5024,31,MISSIONÁRIA / STO. AMARO,Diurno
5024,10,MISSIONÁRIA / STO. AMARO,Diurno
5025,10,JD. GUAIRACÁ / METRÔ TAMANDUATEÍ,Diurno
5026,10,CONJ. TEOTÔNIO VILELA / JD. SÃO ROBERTO,Diurno
5028,10,CONJ. HAB. HELIÓPOLIS / METRÔ ALTO DO IPIRANGA,Diurno
5029,10,JD. PATENTE / TERM. SACOMÃ,Diurno
502J,23,EST. AUTÓDROMO / METRÔ CONCEIÇÃO,Diurno
502J,22,EST. AUTÓDROMO / VL. JOANIZA,Diurno
502J,21,EST. AUTÓDROMO / VL. JOANIZA,Diurno
502J,10,EST. AUTÓDROMO / METRÔ STA. CRUZ,Diurno
5030,10,JD. MARIA ESTELA / TERM. SACOMÃ,Diurno
5031,21,VL. CDE. DO PINHAL / TERM. SACOMÃ,Diurno
5031,10,VL. ARAPUÁ / TERM. SACOMÃ,Diurno
5032,10,VL. ARAPUÁ / TERM. SACOMÃ,Diurno
5033,10,VL. BRASILINA / TERM. SACOMÃ,Diurno
5034,31,TERM. SACOMÃ / VL. LIVIERO,Diurno
5034,10,VL. LIVIERO / TERM. SACOMÃ,Diurno
5035,10,VL. ARAPUÁ / TERM. SACOMÃ,Diurno
5036,10,JD. CELESTE / TERM. SACOMÃ,Diurno
5038,10,PQ. BRISTOL / TERM. SACOMÃ,Diurno
507T,10,TERM. SAPOPEMBA / METRÔ CARRÃO,Diurno
508L,10,TERM. PRINC. ISABEL / ACLIMAÇÃO,Diurno
5091,10,JD. UBIRAJARA / METRÔ SÃO JUDAS,Diurno
509J,21,JD. SELMA / PQ. IBIRAPUERA,Diurno
509J,10,JD. SELMA / PQ. IBIRAPUERA,Diurno
509M,10,JD. MIRIAM / TERM. PRINC. ISABEL,Diurno
5100,10,TERM. PINHEIROS / TERM. PQ. D. PEDRO II,Diurno
5103,10,TERM. SACOMÃ / MOEMA,Diurno
5105,10,TERM. SACOMÃ / TERM. MERCADO,Diurno
5106,31,JD. SELMA / METRÔ ANA ROSA,Diurno
5106,21,JD. SELMA / TERM. ÁGUA ESPRAIADA,Diurno
5106,10,JD. SELMA / LGO. SÃO FRANCISCO,Diurno
5107,10,TERM. SACOMÃ / PÇA. DO CORREIO,Diurno
5108,10,JD. CELESTE / TERM. PQ. D. PEDRO II,Diurno
5109,10,TERM. VL. PRUDENTE / TERM. MERCADO,Diurno
5110,41,SÃO MATEUS / METRÔ TAMANDUATEÍ,Diurno
5110,24,SÃO MATEUS / TERM. VL. PRUDENTE,Diurno
5110,23,JD. PLANALTO / TERM. MERCADO,Diurno
5110,21,SÃO MATEUS / TERM. MERCADO,Diurno
5110,10,TERM. SÃO MATEUS / TERM. MERCADO,Diurno
5111,10,TERM. STO. AMARO / TERM. PQ. D. PEDRO II,Diurno
5119,23,TERM. JOÃO DIAS / INSTITUTO LUCY MONTORO,Diurno
5119,22,TERM. JOÃO DIAS / LGO. SÃO FRANCISCO,Diurno
5119,10,TERM. CAPELINHA / LGO. SÃO FRANCISCO,Diurno
5123,10,JD. MIRIAM / HOSP. SÃO PAULO,Diurno
5127,10,VL. GUACURI / EST. JURUBATUBA,Diurno
5128,10,JD. APURÁ / METRÔ CONCEIÇÃO,Diurno
5129,41,JD. MIRIAM / STO. AMARO,Diurno
5129,10,JD. MIRIAM / TERM. GUARAPIRANGA,Diurno
5131,10,CID. ADEMAR / PQ. D. PEDRO II,Diurno
513C,31,VL. CALIFÓRNIA / E.T. ITAQUERA,Diurno
513C,10,VL. CALIFÓRNIA / SÃO MATEUS,Diurno
513L,10,TERM. SACOMÃ / PQ. BELÉM,Diurno
5141,10,TERM. SAPOPEMBA / PÇA. DO CORREIO,Diurno
5142,10,TERM. SAPOPEMBA / TERM. PQ. D. PEDRO II,Diurno
5143,10,TERM. SAPOPEMBA / TERM. PQ. D. PEDRO II,Diurno
5144,10,TERM. SAPOPEMBA / TERM. PRINC. ISABEL,Diurno
5145,10,TERM. SAPOPEMBA / PÇA. ALMEIDA JR.,Diurno
514T,10,TERM. SACOMÃ / JD. ITÁPOLIS,Diurno
5154,10,TERM. STO. AMARO / TERM. PRINC. ISABEL,Diurno
5164,41,VL. GUARANI / METRÔ CONCEIÇÃO,Diurno
5164,21,CID. LEONOR / PQ. IBIRAPUERA,Diurno
5164,10,VL. STA. CATARINA / PQ. IBIRAPUERA,Diurno
516N,10,JD. MIRIAM / PÇA. D. GASTÃO,Noturno
5175,10,BALN. SÃO FRANCISCO / PÇA. DA SÉ,Diurno
5178,10,JD. MIRIAM / PÇA. JOÃO MENDES,Diurno
517J,10,JD. SELMA / TERM. ÁGUA ESPRAIADA,Diurno
5185,10,TERM. GUARAPIRANGA / TERM. PQ. D. PEDRO II,Diurno
5194,21,JD. APURÁ / AEROPORTO,Diurno
5194,10,JD. APURÁ / PQ. IBIRAPUERA,Diurno
519M,10,SÃO MATEUS / MUSEU DO IPIRANGA,Diurno
524L,10,PQ. SÃO LUCAS / METRÔ TATUAPÉ,Diurno
524M,10,MASCARENHAS DE MORAIS / SHOP. ARICANDUVA,Diurno
527R,10,VL. IMPÉRIO / TERM. STO. AMARO,Diurno
5290,10,DIV. DIADEMA / TERM. PQ. D. PEDRO II,Diurno
5300,10,TERM. STO. AMARO / TERM. PQ. D. PEDRO II,Diurno
5317,10,SESC/ORION / PÇA. DO CORREIO,Diurno
5318,10,CHÁC. SANTANA / PÇA. DA SÉ,Diurno
5362,41,PQ. RES. COCAIA / PQ. IBIRAPUERA,Diurno
5362,23,PQ. RES. COCAIA / VICENTE RAO,Diurno
5362,22,JD. ELIANA / PÇA. DA SÉ,Diurno
5362,21,GRAJAÚ / PÇA. DA SÉ,Diurno
5362,10,PQ. RES. COCAIA / PÇA. DA SÉ,Diurno
5370,21,TERM. VARGINHA / PQ. IBIRAPUERA,Diurno
5370,10,TERM. VARGINHA / LGO. SÃO FRANCISCO,Diurno
5391,22,MOEMA / JD. ÂNGELA,Diurno
5391,21,TERM. GUARAPIRANGA / LGO. SÃO FRANCISCO,Diurno
5391,10,JD. ÂNGELA / LGO. SÃO FRANCISCO,Diurno
546A,31,JD. APURÁ / STO. AMARO,Diurno
546A,10,JD. APURÁ / STO. AMARO,Diurno
546J,41,JD. SELMA / COL. STA. MARIA,Diurno
546J,31,JD. SELMA / STO. AMARO,Diurno
546J,10,JD. SELMA / STO. AMARO,Diurno
546L,41,JD. LUSO / COL. STA. MARIA,Diurno
546L,10,JD. LUSO / TERM. STO. AMARO,Diurno
546T,10,VL. GUACURI / TERM. STO. AMARO,Diurno
5611,10,ELDORADO / PÇA. JOÃO MENDES,Diurno
5614,21,ELDORADO / PQ. IBIRAPUERA,Diurno
5614,10,ELDORADO / PÇA. JOÃO MENDES,Diurno
5630,21,CID. DUTRA / LGO. SÃO FRANCISCO,Diurno
5630,10,TERM. GRAJAÚ / METRÔ BRÁS,Diurno
5632,51,JD. ALPINO / LGO. SÃO FRANCISCO,Diurno
5632,21,JD. IPORANGA / LGO. SÃO FRANCISCO,Diurno
5632,10,VL. SÃO JOSÉ / LGO. SÃO FRANCISCO,Diurno
5652,22,JD. IV CENTENÁRIO / PQ. IBIRAPUERA,Diurno
5652,10,JD. IV CENTENÁRIO / PÇA. DA SÉ,Diurno
5701,10,METRÔ CONCEIÇÃO / TERM. ÁGUA ESPRAIADA,Diurno
5702,10,REFÚGIO STA. TEREZINHA / METRÔ JABAQUARA,Diurno
5705,10,TERM. SACOMÃ / METRÔ VERGUEIRO,Diurno
573A,10,METRÔ BRESSER / VL. ALPINA,Diurno
573H,10,HOSP. SAPOPEMBA / METRÔ BRESSER,Diurno
573T,31,TERM. SAPOPEMBA / METRÔ CARRÃO,Diurno
573T,10,TERM. SAPOPEMBA / METRÔ CARRÃO,Diurno
574A,21,AMERICANÓPOLIS / METRÔ VL. MARIANA,Diurno
574A,10,AMERICANÓPOLIS / LGO. CAMBUCI,Diurno
574C,10,SÃO MATEUS / DIV. DE SÃO CAETANO,Diurno
574J,10,METRÔ CONCEIÇÃO / TERM. VL. CARRÃO,Diurno
574R,10,TERM. SAPOPEMBA / METRÔ BELÉM,Diurno
574W,10,JD. WALKIRIA / METRÔ BELÉM,Diurno
5752,10,VL. MISSIONÁRIA / METRÔ CONCEIÇÃO,Diurno
5757,51,PEDREIRA / METRÔ CONCEIÇÃO,Diurno
5757,10,CID. JÚLIA / METRÔ CONCEIÇÃO,Diurno
5759,31,PQ. PRIMAVERA / METRÔ CONCEIÇÃO,Diurno
5759,10,PQ. PRIMAVERA / METRÔ CONCEIÇÃO,Diurno
575A,10,DIV. SÃO CAETANO / SHOP. METRÔ TATUAPÉ,Diurno
575C,10,IPIRANGA / VL MATIAS,Diurno
576C,10,METRÔ JABAQUARA / TERM. STO. AMARO,Diurno
576M,10,VL. CLARA / PINHEIROS,Diurno
577T,10,JD. MIRIAM / METRÔ ANA ROSA,Diurno
5791,21,ELDORADO / METRÔ JABAQUARA,Diurno
5791,10,ELDORADO / METRÔ VERGUEIRO,Diurno
6000,10,TERM. PARELHEIROS / TERM. STO. AMARO,Diurno
6001,10,TERM. CAPELINHA / TERM. STO. AMARO,Diurno
6002,10,CID. DUTRA / HOSP. PEDREIRA,Diurno
6003,21,TERM. VARGINHA / EST. MENDES/VL. NATAL,Diurno
6003,10,TERM. GRAJAÚ / TERM. VARGINHA,Diurno
6006,10,JD. HERCULANO / SHOP. INTERLAGOS,Diurno
6007,10,TERM. CAPELINHA / TERM. STO. AMARO,Diurno
6008,41,TERM. JD. ÂNGELA / JD. COPACABANA,Diurno
6008,10,JD. PLANALTO / EST. STO. AMARO/GUIDO CALOI,Diurno
6010,10,CHÁC. STA. MARIA / TERM. GUARAPIRANGA,Diurno
6012,31,PQ. INDEPENDÊNCIA / JD. ÂNGELA,Diurno
6012,10,PQ. INDEPENDÊNCIA / JD. ÂNGELA,Diurno
6013,21,ETEC / JD. ÂNGELA,Diurno
6013,10,JD. NAKAMURA / TERM. STO. AMARO,Diurno
6014,10,TERM. JD. JACIRA / TERM. STO. AMARO,Diurno
6015,10,VL. CALÚ / JD. ÂNGELA,Diurno
6016,41,JD. PORTO VELHO / TERM. GRAJAÚ,Diurno
6016,10,JD. NORONHA / TERM. GRAJAÚ,Diurno
6017,10,JD. NAKAMURA / JD. ÂNGELA,Diurno
6019,10,TERM. GUARAPIRANGA / JD. ALFREDO,Diurno
6020,51,ESTR. DO JUSA / PARELHEIROS,Diurno
6020,10,CHÁC. BOSQUE DO SOL / PARELHEIROS,Diurno
6021,10,TERM. VARGINHA / JD. NOVA ERA,Diurno
6022,10,PQ. CEREJEIRA / JD. ÂNGELA,Diurno
6026,10,JD. ICARAÍ / TERM. STO. AMARO,Diurno
6027,10,JD. GRAUNA / TERM. STO. AMARO,Diurno
6028,10,RIVIERA / EST. STO. AMARO/GUIDO CALOI,Diurno
6030,10,UNISA,CAMPUS 1 / TERM. STO. AMARO,Diurno
6031,10,TERM. GRAJAÚ / EST. MENDES/VL. NATAL,Diurno
6034,10,PQ. RES. COCAIA / TERM. GRAJAÚ,Diurno
6035,21,VL. GILDA / TERM. GUARAPIRANGA,Diurno
6035,10,VL. GILDA / STO. AMARO,Diurno
6036,51,JD. MACEDÔNIA / HOSP. CAMPO LIMPO,Diurno
6036,10,JD. MACEDÔNIA / TERM. CAPELINHA,Diurno
6037,10,JD. MITSUTANI / TERM. CAPELINHA,Diurno
6039,21,TERM. CAPELINHA / COHAB JD. SÃO BENTO,Diurno
6039,10,VALO VELHO / STO. AMARO,Diurno
6041,21,TERM. JOÃO DIAS / JD. MONTE AZUL,Diurno
6041,10,JD. JANGADEIRO / STO. AMARO,Diurno
6042,22,JD. VAZ DE LIMA / TERM. CAPELINHA,Diurno
6042,21,TERM. CAPELINHA / CEU CAPÃO REDONDO,Diurno
6042,10,JD. TRÊS ESTRELAS / STO. AMARO,Diurno
6043,10,JD. CAPELINHA / TERM. STO. AMARO,Diurno
6044,10,JD. D. JOSÉ / TERM. STO. AMARO,Diurno
6045,21,VALO VELHO / TERM. CAPELINHA,Diurno
6045,10,VALO VELHO / STO. AMARO,Diurno
6046,10,JD. SÃO BENTO NOVO / STO. AMARO,Diurno
6047,10,JD. LÍDIA / STO. AMARO,Diurno
6048,10,CAPÃO REDONDO / STO. AMARO,Diurno
6049,10,VALO VELHO / STO. AMARO,Diurno
6050,10,PQ. COCAIA / TERM. GRAJAÚ,Diurno
6051,31,JD. ITAJAÍ / TERM. VARGINHA,Diurno
6051,10,JD. ITAJAÍ / TERM. VARGINHA,Diurno
6052,31,JD. ALMEIDA PRADO / TERM. VARGINHA,Diurno
6052,10,JD. SETE DE SETEMBRO / TERM. VARGINHA,Diurno
6053,10,JD. ELLUS / TERM. GRAJAÚ,Diurno
6055,10,EST. MENDES/VL. NATAL / SHOP. INTERLAGOS (VIA JD. SÃO BERNARDO),Diurno
6056,10,PQ. STA. CECÍLIA / TERM. GRAJAÚ,Diurno
6057,10,VL. NATAL / TERM. GRAJAÚ,Diurno
6058,10,JD. NORONHA / TERM. VARGINHA,Diurno
6059,10,JD. UNIVERSAL / STO. AMARO,Diurno
605A,10,CENTRO PARALIMPICO / METRÔ JABAQUARA,Diurno
6061,10,JD. MARILDA / TERM. GRAJAÚ,Diurno
6062,51,JD. CASTRO ALVES / TERM. STO. AMARO,Diurno
6062,10,TERM. GRAJAÚ / JD. CASTRO ALVES,Diurno
6063,43,VL. DA PAZ / TERM. VARGINHA,Diurno
6063,42,CHÁC. STO. AMARO / TERM. VARGINHA,Diurno
6063,41,JD. NOVO MARILDA / TERM. VARGINHA,Diurno
6063,21,JD. NOVO HORIZONTE / TERM. VARGINHA,Diurno
6063,10,JD. VARGINHA / TERM. VARGINHA,Diurno
6069,10,JD. SÃO BERNARDO / TERM. STO. AMARO,Diurno
606Y,10,EST. MENDES/VL. NATAL / CHÁC. DO CONDE,Diurno
6071,10,JD. ORION / TERM. STO. AMARO,Diurno
6072,23,TERM. VARGINHA / BALN. SÃO JOSÉ,Diurno
6072,21,JD. IPORÃ / TERM. VARGINHA,Diurno
6072,10,JD. SÃO NICOLAU / TERM. VARGINHA,Diurno
6073,10,JD. STA. TEREZINHA / TERM. VARGINHA,Diurno
6074,10,JD. GAIVOTAS / EST. JURUBATUBA,Diurno
6075,10,JD. REC. CAMPO BELO / TERM. VARGINHA,Diurno
6076,41,JD. SATÉLITE II / TERM. STO. AMARO,Diurno
6076,10,JD. PROGRESSO / TERM. STO. AMARO,Diurno
6078,10,CANTINHO DO CÉU / SHOP. INTERLAGOS,Diurno
607A,21,JD. APURÁ / EST. JURUBATUBA,Diurno
607A,10,JD. APURÁ / SOCORRO,Diurno
607C,10,JD. MIRIAM / ITAIM BIBI,Diurno
607M,10,TERM. GRAJAÚ / TERM. ÁGUA ESPRAIADA,Diurno
6080,10,JD. LUCÉLIA / SHOP. INTERLAGOS,Diurno
6083,10,JD. ELIANA / TERM. GRAJAÚ,Diurno
6084,10,JD. CHÁC. DO SOL / TERM. VARGINHA,Diurno
6091,51,COLÔNIA / TERM. STO. AMARO,Diurno
6091,21,JD. SILVEIRA / TERM. STO. AMARO,Diurno
6091,10,VARGEM GRANDE / TERM. STO. AMARO,Diurno
6092,10,JD. DAS PEDRAS / TERM. GRAJAÚ,Diurno
6093,10,VARGEM GRANDE / TERM. GRAJAÚ,Diurno
6099,10,TERM. GRAJAÚ / DIVISA DE EMBU,GUAÇU,Diurno
609F,21,CHÁC. SANTANA / ANHANGABAÚ,Diurno
609F,10,CHÁC. SANTANA / TERM. PRINC. ISABEL,Diurno
609J,10,AEROPORTO / METRÔ SÃO JUDAS,Diurno
6110,10,CONJ. HAB. PALMARES / AEROPORTO,Diurno
6115,41,PQ. RES. DOS LAGOS / TERM. GRAJAÚ,Diurno
6115,10,CANTINHO DO CÉU / TERM. GRAJAÚ,Diurno
6116,10,JD. PRAINHA / TERM. GRAJAÚ,Diurno
6118,10,JD. ICARAÍ / TERM. STO. AMARO,Diurno
6120,10,JD. LUCÉLIA / TERM. GRAJAÚ,Diurno
6200,10,TERM. STO. AMARO / TERM. BANDEIRA,Diurno
6232,10,PINHEIROS/VILA IDA  / METRÔ BARRA FUNDA,Diurno
6250,10,JD. JAQUELINE / TERM. BANDEIRA,Diurno
6258,31,JD. STA. MARGARIDA / JD. IBIRAPUERA,Diurno
6258,10,JD. SÃO FRANCISCO / TERM. STO. AMARO,Diurno
6262,10,CEASA / TERM. BANDEIRA,Diurno
627J,10,JD. MIRIAM / METRÔ SÃO JUDAS,Diurno
6291,10,INOCOOP CAMPO LIMPO / TERM. BANDEIRA,Diurno
6338,10,JD. MIRIAM / PQ. IBIRAPUERA,Diurno
6358,10,JD. LUSO / TERM. BANDEIRA,Diurno
637A,26,TERM. GUARAPIRANGA / TERM. PINHEIROS,Diurno
637A,25,PIRAPORINHA / TERM. PINHEIROS,Diurno
637A,22,ITAIM BIBI / TERM. JD. ÂNGELA,Diurno
637A,21,VL. REMO / TERM. PINHEIROS,Diurno
637A,10,TERM. JD. ÂNGELA / TERM. PINHEIROS,Diurno
637G,51,JD. ELIANA / PINHEIROS,Diurno
637G,10,GRAJAÚ / PINHEIROS,Diurno
637J,10,VL. SÃO JOSÉ / PINHEIROS,Diurno
637P,10,TERM. STO. AMARO / TERM. PINHEIROS,Diurno
637R,10,JD. ARACATI / TERM. STO. AMARO,Diurno
637V,10,PQ. AMÉRICA / TERM. STO. AMARO,Diurno
6400,10,TERM. JOÃO DIAS / TERM. BANDEIRA,Diurno
6403,10,TERM. JOÃO DIAS / TERM. PQ. D. PEDRO II,Diurno
6412,10,PARAISÓPOLIS / PAULISTA,Diurno
6414,10,SOCORRO / TERM. BANDEIRA,Diurno
6418,10,REAL PQ. / BROOKLIN NOVO,Diurno
6422,10,VL. CRUZEIRO / TERM. BANDEIRA,Diurno
6450,10,TERM. CAPELINHA / TERM. BANDEIRA,Diurno
6451,10,TERM. CAPELINHA / TERM. BANDEIRA,Diurno
6455,10,TERM. CAPELINHA / LGO. SÃO FRANCISCO,Diurno
6475,10,JD. VAZ DE LIMA / TERM. BANDEIRA,Diurno
647A,10,VALO VELHO / PINHEIROS,Diurno
647P,10,COHAB ADVENTISTA / TERM. PINHEIROS,Diurno
648P,10,TERM. CAPELINHA / TERM. PINHEIROS,Diurno
6500,10,TERM. STO. AMARO / TERM. BANDEIRA,Diurno
6505,10,TERM. GUARAPIRANGA / TERM. BANDEIRA,Diurno
669A,10,TERM. STO. AMARO / TERM. PRINC. ISABEL,Diurno
6726,10,TERM. GRAJAÚ / JD. GAIVOTAS   ,Diurno
675A,10,PQ. STO. ANTONIO / METRÔ SÃO JUDAS,Diurno
675G,41,JD. CASTRO ALVES / METRÔ JABAQUARA,Diurno
675G,22,PQ. RES. COCAIA / COL. STA. MARIA,Diurno
675G,10,PQ. RES. COCAIA / METRÔ JABAQUARA,Diurno
675I,10,TERM. JOÃO DIAS / METRÔ SÃO JUDAS,Diurno
675K,23,VL. REMO / MOEMA,Diurno
675K,10,TERM. JD. ÂNGELA / METRÔ STA. CRUZ,Diurno
675L,10,TERM. STO. AMARO / METRÔ STA. CRUZ,Diurno
675M,10,CENTRO SESC / METRÔ JABAQUARA,Diurno
675N,10,TERM. STO. AMARO / METRÔ ANA ROSA,Noturno
675P,10,SHOP. SP MARKET / METRÔ CONCEIÇÃO,Diurno
675R,10,GRAJAÚ / METRÔ JABAQUARA,Diurno
675X,10,TERM. GRAJAÚ / AACD,SERVIDOR,Diurno
677A,10,TERM. JD. ÂNGELA / ITAIM BIBI,Diurno
677V,10,JD. ALPINO / EST. GRAJAÚ,Diurno
677Y,10,JD. GUARUJÁ / TERM. CAPELINHA,Diurno
6801,51,JD. IBIRAPUERA / TERM. JOÃO DIAS,Diurno
6801,10,JD. IBIRAPUERA / TERM. JOÃO DIAS,Diurno
6803,10,JD. CAPELINHA / TERM. JOÃO DIAS,Diurno
6804,10,JD. INGÁ / TERM. JOÃO DIAS,Diurno
6805,31,TERM. CAPELINHA / TERM. JOÃO DIAS,Diurno
6805,10,TERM. CAPELINHA / TERM. JOÃO DIAS,Diurno
6806,10,JD. NOVO ORIENTE / TERM. JOÃO DIAS,Diurno
6812,10,JD. CAPELA / JD. ANGELA,Diurno
6813,10,JD. LÍDIA / TERM. CAPELINHA,Diurno
6815,10,JD. COMERCIAL / TERM. CAPELINHA,Diurno
6816,31,JD. MITSUTANI / TERM. CAPELINHA,Diurno
6816,10,JD. MITSUTANI / TERM. CAPELINHA,Diurno
6817,10,JD. SÃO BENTO / TERM. CAPELINHA,Diurno
6818,10,JD. VALE DAS VIRTUDES / TERM. CAPELINHA,Diurno
6820,31,JD. DAS ROSAS / TERM. CAPELINHA,Diurno
6820,10,JD. DAS ROSAS / TERM. CAPELINHA,Diurno
6821,10,JD. JANGADEIRO / TERM. CAPELINHA,Diurno
6823,10,JD. GUARUJÁ / TERM. CAPELINHA,Diurno
6824,10,PQ. FERNANDA / TERM. CAPELINHA,Diurno
6825,10,VALO VELHO / TERM. CAPELINHA,Diurno
6826,10,JD. D. JOSÉ / TERM. CAPELINHA,Diurno
6835,31,VALO VELHO / TERM. CAPELINHA,Diurno
6835,10,VALO VELHO / TERM. CAPELINHA,Diurno
6836,10,CAPÃO REDONDO / TERM. JOÃO DIAS,Diurno
6837,10,SHOP. PORTAL / TERM. CAPELINHA,Diurno
6840,10,TERM. JD. JACIRA / TERM. CAPELINHA,Diurno
6913,21,TERM. VARGINHA / ITAIM BIBI,Diurno
6913,10,TERM. VARGINHA / TERM. BANDEIRA,Diurno
695D,10,JD. STA. BARBARA / METRÔ JABAQUARA,Diurno
695H,10,JD. HERPLIN / TERM. STO. AMARO,Diurno
695T,51,TERM. CAPELINHA / METRÔ VL. MARIANA,Diurno
695T,10,TERM. CAPELINHA / METRÔ VL. MARIANA,Diurno
695V,10,TERM. CAPELINHA / METRÔ ANA ROSA,Diurno
695X,22,TERM. VARGINHA / SHOP. INTERLAGOS,Diurno
695X,10,TERM. VARGINHA / METRÔ JABAQUARA,Diurno
695Y,41,TERM. PARELHEIROS / COL. STA. MARIA,Diurno
695Y,21,TERM. PARELHEIROS / EST. AUTÓDROMO,Diurno
695Y,10,TERM. PARELHEIROS / METRÔ VL. MARIANA,Diurno
6960,21,TERM. VARGINHA / E.T. VITOR MANZINI,Diurno
6960,10,TERM. VARGINHA / TERM. STO. AMARO,Diurno
6970,10,TERM. GRAJAÚ / TERM. STO. AMARO,Diurno
6L01,23,EMBURA / TERM. VARGINHA,Diurno
6L01,22,VL. PROGRESSO / TERM. VARGINHA,Diurno
6L01,10,MARSILAC / TERM. VARGINHA,Diurno
6L02,10,JD. EUCALIPTOS / TERM. PARELHEIROS,Diurno
6L03,10,CIPÓ DO MEIO / TERM. PARELHEIROS,Diurno
6L04,42,JD. ORIENTAL / TERM. PARELHEIROS,Diurno
6L04,41,JD. DAS FONTES / TERM. PARELHEIROS,Diurno
6L04,10,JD. ORIENTAL/FONTES / TERM. PARELHEIROS,Diurno
6L05,21,CID. NOVA AMÉRICA / TERM. PARELHEIROS,Diurno
6L05,10,BARRAGEM / TERM. PARELHEIROS,Diurno
6L07,10,JD. STA. FÉ / TERM. VARGINHA,Diurno
6L08,10,JD. SÃO NICOLAU / HOSP. PARELHEIROS,Diurno
6L10,41,MESSIÂNICA / TERM. VARGINHA,Diurno
6L10,10,TERM. VARGINHA / PQ. FLORESTAL   ,Diurno
6L11,10,ILHA DO BORORÉ / TERM. GRAJAÚ,Diurno
7001,10,VL. GILDA / JD. ÂNGELA,Diurno
7002,10,JD. ROSA MARIA / HOSP. DAS CLÍNICAS,Diurno
7004,10,TERM. JD. JACIRA / EST. STO. AMARO/GUIDO CALOI,Diurno
7005,51,JD. VERA CRUZ / METRÔ CAPÃO REDONDO ,Diurno
7005,10,JD. VERA CRUZ / JD. ÂNGELA,Diurno
7006,51,JD. HORIZONTE AZUL / METRÔ CAPÃO REDONDO,Diurno
7006,10,JD. HORIZONTE AZUL / JD. ÂNGELA,Diurno
7009,10,JD. SÃO LOURENÇO / JD. ÂNGELA,Diurno
7011,31,JD. DOS REIS / JD. ÂNGELA,Diurno
7011,10,JD. DOS REIS / JD. ÂNGELA,Diurno
7012,10,PQ. DO LAGO / TERM. GUARAPIRANGA,Diurno
7013,10,PQ. ARARIBA / TERM. VL. SÔNIA,Diurno
7016,21,VL. STA. LÚCIA / TERM. STO. AMARO,Diurno
7016,10,JD. ÂNGELA / TERM. STO. AMARO,Diurno
7017,10,JD. GUARUJÁ / TERM. GUARAPIRANGA,Diurno
701A,10,PQ. EDU CHAVES / METRÔ VL. MADALENA,Diurno
701H,10,HOSPITAL GUARAPIRANGA / CIRCULAR,Diurno
701U,10,METRÔ SANTANA / CID. UNIVERSITÁRIA,Diurno
7021,10,JD. MARACÁ / TERM. JOÃO DIAS,Diurno
7022,10,JD. CAIÇARA / TERM. STO. AMARO,Diurno
7023,10,JD. NAKAMURA / TERM. STO. AMARO,Diurno
702C,10,JD. BONFIGLIOLI / METRÔ BELÉM,Diurno
702U,22,METRÔ BUTANTÃ / TERM. PQ. D. PEDRO II,Diurno
702U,10,CID. UNIVERSITÁRIA / TERM. PQ. D. PEDRO II,Diurno
7040,10,PARAISÓPOLIS / PINHEIROS,Diurno
7049,10,PQ. DO LAGO / TERM. CAMPO LIMPO,Diurno
7050,10,JD. DAS ROSAS / TERM. CAMPO LIMPO,Diurno
7051,10,JD. ROSANA / TERM. CAMPO LIMPO,Diurno
7052,10,JD. HELGA / TERM. CAMPO LIMPO,Diurno
7053,22,JD. MARIA SAMPAIO / TERM. CAMPO LIMPO,Diurno
7053,21,JD. MARIA SAMPAIO / TERM. CAMPO LIMPO,Diurno
7053,10,JD. MACEDÔNIA / TERM. CAMPO LIMPO,Diurno
7054,10,JD. MACEDÔNIA / TERM. CAMPO LIMPO,Diurno
7055,10,JD. GUARUJÁ / TERM. CAMPO LIMPO,Diurno
7057,10,JD. MITSUTANI / TERM. CAMPO LIMPO,Diurno
7059,10,PQ. DO ENGENHO / TERM. CAMPO LIMPO,Diurno
7060,10,VALO VELHO / TERM. CAMPO LIMPO,Diurno
7062,41,METRÔ CAMPO LIMPO / HORTO DO YPÊ,Diurno
7062,31,INOCOOP CAMPO LIMPO / TERM. CAMPO LIMPO,Diurno
7062,10,INOCOOP CAMPO LIMPO / TERM. CAMPO LIMPO,Diurno
7063,10,JD. MACEDÔNIA / TERM. CAMPO LIMPO,Diurno
707A,23,PIRAPORINHA / MOEMA,Diurno
707A,10,JD. ÂNGELA / METRÔ PÇA. DA ÁRVORE,Diurno
707K,10,TERM. GUARAPIRANGA / METRÔ JABAQUARA,Diurno
709A,10,TERM. ÁGUA ESPRAIADA / METRÔ ANA ROSA,Diurno
709G,10,TERM. GUARAPIRANGA / ITAIM BIBI,Diurno
709M,10,TERM. STO. AMARO / TERM. PINHEIROS,Diurno
709P,10,EST. STO. AMARO/GUIDO CALOI / TERM. PINHEIROS,Diurno
714C,10,COHAB EDUCANDÁRIO / PAULISTA,Diurno
715M,10,JD. MARIA LUIZA / LGO. DA PÓLVORA,Diurno
7181,10,CID. UNIVERSITÁRIA / TERM. PRINC. ISABEL,Diurno
719P,10,TERM. PINHEIROS / TERM. PRINC. ISABEL,Diurno
719R,10,RIO PEQUENO / METRÔ BARRA FUNDA,Diurno
7245,21,TERM. STO. AMARO / TERM. ÁGUA ESPRAIADA,Diurno
7245,10,TERM. STO. AMARO / HOSP. DAS CLÍNICAS,Diurno
7267,10,APIACÁS / PÇA. RAMOS DE AZEVEDO,Diurno
7272,10,MERCADO DA LAPA / PÇA. RAMOS DE AZEVEDO,Diurno
7281,10,LAPA / PÇA. RAMOS DE AZEVEDO,Diurno
7282,10,PQ. CONTINENTAL / PÇA. RAMOS DE AZEVEDO,Diurno
736G,10,JD. INGÁ / SHOP. MORUMBI,Diurno
736I,10,JD. INGÁ / STO. AMARO,Diurno
737A,10,TERM. JD. ÂNGELA / TERM. STO. AMARO,Diurno
7411,10,CID. UNIVERSITÁRIA / PÇA. DA SÉ,Diurno
7458,10,JD. BOA VISTA / TERM. VL. SÔNIA,Diurno
745M,21,CAMPO LIMPO / PQ. FIGUEIRA GRANDE,Diurno
745M,10,CAMPO LIMPO / SHOP. SP MARKET,Diurno
746C,10,JD. TABOÃO / STO. AMARO,Diurno
746H,10,JD. JAQUELINE / STO. AMARO,Diurno
746K,10,PARAISÓPOLIS / CAMPO BELO,Diurno
746P,10,PARAISÓPOLIS / STO. AMARO,Diurno
746R,10,REAL PQ. / STO. AMARO,Diurno
746V,10,JD. REBOUÇAS / HOSP. CAMPO LIMPO,Diurno
748A,41,JD. PERI PERI / LAPA,Diurno
748A,10,JD. D'ABRIL / LAPA,Diurno
748R,10,JD. JOÃO XXIII / METRÔ BARRA FUNDA,Diurno
7545,21,CDHU BUTANTÃ / PÇA. RAMOS DE AZEVEDO,Diurno
7545,10,JD. JOÃO XXIII / PÇA. RAMOS DE AZEVEDO,Diurno
7550,10,TERM. STO. AMARO / METRÔ STA. CECÍLIA,Diurno
756A,10,JD. PAULO VI / TERM. ÁGUA ESPRAIADA,Diurno
771P,10,JD. JOÃO XXIII / TERM. PINHEIROS,Diurno
7725,10,RIO PEQUENO / TERM. LAPA,Diurno
775A,10,JD. ADALGIZA / PINHEIROS,Diurno
775F,31,JD. DAS PALMAS / PQ. DO POVO,Diurno
775F,10,JD. DAS PALMAS / HOSP. DAS CLÍNICAS,Diurno
775N,10,RIO PEQUENO / METRÔ VL. MADALENA,Noturno
775P,10,JD. GUARAÚ / METRÔ ANA ROSA,Diurno
775V,10,RIO PEQUENO / ITAIM BIBI,Diurno
778J,41,COHAB RAPOSO TAVARES / METRÔ BARRA FUNDA,Diurno
778J,10,JD. ARPOADOR / METRÔ BARRA FUNDA,Diurno
778R,10,COHAB RAPOSO TAVARES / TERM. PRINC. ISABEL,Diurno
7903,10,JD. JOÃO XXIII/EDUC. / PÇA. RAMOS DE AZEVEDO,Diurno
8000,10,TERM. LAPA / PÇA. RAMOS DE AZEVEDO,Diurno
8000,1,TERM. LAPA / PÇA. RAMOS DE AZEVEDO,Diurno
8001,10,VL. PIAUÍ / TERM. LAPA,Diurno
8002,10,TERM. PIRITUBA / TERM. LAPA,Diurno
8003,21,TERM. LAPA / REMÉDIOS,Diurno
8003,10,REMÉDIOS / TERM. LAPA,Diurno
8004,10,STA. MÔNICA / TERM. LAPA,Diurno
8006,10,JD. DONÁRIA / TERM. PIRITUBA,Diurno
8007,10,HAB. TURÍSTICA / TERM. PIRITUBA,Diurno
8008,10,STA. MÔNICA / TERM. PIRITUBA,Diurno
8009,31,CID. D'ABRIL 3ª GLEBA / TERM. PIRITUBA,Diurno
8009,10,CID. D'ABRIL 3ª GLEBA / TERM. PIRITUBA,Diurno
8010,21,CPTM PERUS / SÍTIO BOTUQUARA,Diurno
8010,10,PERUS / LAPA,Diurno
8012,10,METRÔ BUTANTÃ / CID. UNIVERSITÁRIA,Diurno
8013,41,TERM. JD. BRITANIA / JD. PAINEIRAS,Diurno
8013,10,TERM. JD. BRITANIA / LAPA,Diurno
8014,10,MORRO DOCE / PERUS,Diurno
8015,21,CEM. DE PERUS / CPTM PERUS,Diurno
8015,10,CEM. DE PERUS / TERM. PIRITUBA,Diurno
8016,10,JD. RINCÃO / TERM. PIRITUBA,Diurno
8017,21,VOITH / CPTM VL. AURORA,Diurno
8017,10,CPTM VL. AURORA / TERM. PIRITUBA,Diurno
8018,10,VL. SÔNIA / METRÔ MORUMBI,Diurno
8019,31,PQ. CONTINENTAL / TERM. VL. SÔNIA,Diurno
8019,10,PQ. CONTINENTAL / METRÔ BUTANTÃ,Diurno
8020,10,BUTANTÃ / SHOP. MORUMBI,Diurno
8021,10,JD. MARIA LUIZA / BUTANTÃ,Diurno
8022,10,METRÔ BUTANTÃ / CID. UNIVERSITÁRIA,Diurno
8023,10,CDHU MUNCK / TERM. VL. SÔNIA,Diurno
8024,10,JD. JAQUELINE / BUTANTÃ,Diurno
8025,10,JD. ROSA MARIA / TERM. VL. SÔNIA,Diurno
8026,10,JD. INGÁ / TERM. VL. SÔNIA,Diurno
8027,10,VL. DALVA / BUTANTÃ,Diurno
8028,10,PARAISÓPOLIS / METRÔ MORUMBI,Diurno
8029,10,SHOP. PORTAL / TERM. MORUMBI,Diurno
8030,10,PARAISÓPOLIS / TERM. VL. SÔNIA,Diurno
8032,10,METRÔ BUTANTÃ / CID. UNIVERSITÁRIA,Diurno
8038,10,PQ. CONTINENTAL / LAPA,Diurno
8040,10,SOL NASCENTE / TERM. LAPA,Diurno
8043,10,HAB. TURÍSTICA / LAPA,Diurno
8047,51,JARAGUÁ / LAPA,Diurno
8047,41,JARAGUÁ / METRÔ VL. MADALENA,Diurno
8047,10,JARAGUÁ / LAPA,Diurno
8050,31,PQ. MORRO DOCE / LAPA,Diurno
8050,21,ANHANGUERA / LAPA,Diurno
8050,10,PQ. MORRO DOCE / LAPA,Diurno
8055,51,PERUS / METRÔ BARRA FUNDA,Diurno
8055,10,PERUS / LAPA,Diurno
805L,10,TERM. PRINC. ISABEL / ACLIMAÇÃO,Diurno
8060,10,VL. PIAUÍ / TERM. LAPA,Diurno
8062,10,PQ. SÃO DOMINGOS / LAPA,Diurno
8065,10,VL. CLARICE / LAPA,Diurno
8072,10,PQ. IPÊ / METRÔ MORUMBI,Diurno
8073,10,JD. GUARAÚ / TERM. VL. SÔNIA,Diurno
8075,21,TERM. CAMPO LIMPO / TERM. VL. SÔNIA,Diurno
8075,10,TERM. CAMPO LIMPO / METRÔ BUTANTÃ,Diurno
8077,10,JD. JOÃO XXIII / TERM. VL. SÔNIA,Diurno
8078,10,JD. DAS PALMAS / HOSP. CAMPO LIMPO,Diurno
807A,10,TERM. CAMPO LIMPO / TERM. STO. AMARO,Diurno
807J,10,TERM. CAMPO LIMPO / SHOP. MORUMBI,Diurno
807M,10,TERM. CAMPO LIMPO / SHOP. MORUMBI,Diurno
807P,10,PARAISÓPOLIS / STO. AMARO,Diurno
809A,10,JD. D'ABRIL / TERM. PINHEIROS,Diurno
809D,10,COHAB EDUCANDÁRIO / TERM. PINHEIROS,Diurno
809H,10,JD. BOA VISTA / LAPA,Diurno
809J,10,JD. COLOMBO / METRÔ MORUMBI,Diurno
809L,10,CAMPO LIMPO / LAPA,Diurno
809N,10,VL. DALVA / LAPA,Noturno
809P,10,TERM. CAMPO LIMPO / TERM. PINHEIROS,Diurno
809R,10,RIO PEQUENO / TERM. PINHEIROS,Diurno
809T,10,COHAB RAPOSO TAVARES / LAPA,Diurno
809U,21,METRÔ BARRA FUNDA / METRÔ VILA MADALENA,Diurno
809U,10,CID. UNIVERSITÁRIA / METRÔ BARRA FUNDA,Diurno
809V,10,VL. GOMES / METRÔ , TRIANON , MASP,Diurno
8100,10,TERM. PIRITUBA / TERM. LAPA,Diurno
817C,10,LAPA / HOSP. DAS CLÍNICAS,Diurno
8194,10,PERUS / TERM. CACHOEIRINHA,Diurno
8199,10,PIRITUBA / CEM. VL. NOVA CACHOEIRINHA,Diurno
819A,10,CPTM VL. AURORA / JD. PRIMAVERA,Diurno
8200,10,TERM. PIRITUBA / TERM. LAPA,Diurno
8215,10,JD. PAULISTANO / PÇA. DO CORREIO,Diurno
8252,10,METRÔ BARRA FUNDA / LAPA,Diurno
8300,10,TERM. PIRITUBA / TERM. LAPA,Diurno
8300,1,TERM. PIRITUBA / TERM. LAPA,Diurno
8319,21,SHOP. VILLA LOBOS / PQ. CONTINENTAL,Diurno
8319,10,PQ. CONTINENTAL / SESC POMPÉIA,Diurno
8400,10,TERM. PIRITUBA / PÇA. RAMOS DE AZEVEDO,Diurno
846M,10,VL. PIAUÍ / TERM. PINHEIROS,Diurno
847J,21,TERM. LAPA / CITY JARAGUA,Diurno
847J,10,CITY JARAGUÁ / JAGUARÉ,Diurno
847P,42,BRASILÂNDIA / VL. OLÍMPIA,Diurno
847P,10,TERM. PIRITUBA / VL. OLÍMPIA,Diurno
848L,10,RECANTO DOS HUMILDES / TERM. PIRITUBA,Diurno
8500,10,TERM. PIRITUBA / METRÔ BARRA FUNDA,Diurno
8528,10,JD. GUARANI / PÇA. DO CORREIO,Diurno
8538,10,FREGUESIA DO Ó / PÇA. DO CORREIO,Diurno
8542,21,BRASILÂNDIA / TERM. LAPA,Diurno
8544,10,CID. D'ABRIL 3ª GLEBA / PÇA. DO CORREIO,Diurno
8545,10,PENTEADO / METRÔ BARRA FUNDA,Diurno
8548,10,PARADA DE TAIPAS / TERM. LAPA,Diurno
8549,10,TAIPAS / PÇA. DO CORREIO,Diurno
856R,10,LAPA / SOCORRO,Diurno
857A,10,TERM. CAMPO LIMPO / METRÔ STA. CRUZ,Diurno
857C,10,TERM. CAMPO LIMPO / METRÔ CONCEIÇÃO,Diurno
857P,10,TERM. CAMPO LIMPO / PARAÍSO,Diurno
857R,41,EST. HEBRAICA REBOUÇAS / ANA ROSA,Diurno
857R,10,TERM. CAMPO LIMPO / ACLIMAÇÃO,Diurno
8594,41,COHAB PEDRA VERDE / PÇA. RAMOS DE AZEVEDO,Diurno
8594,21,CID. PIRITUBA / PÇA. RAMOS DE AZEVEDO,Diurno
8594,10,CID. D'ABRIL  / PÇA. RAMOS DE AZEVEDO,Diurno
8600,22,VL. IÓRIO / LGO. DO PAISSANDÚ,Diurno
8600,10,TERM. PIRITUBA / LGO. DO PAISSANDÚ,Diurno
8605,10,TERM. CAMPO LIMPO / TERM. BANDEIRA,Diurno
8610,10,JD. PAULO VI / TERM. BANDEIRA,Diurno
8615,10,PQ. DA LAPA / TERM. PQ. D. PEDRO II,Diurno
8622,10,MORRO DOCE / PÇA. RAMOS DE AZEVEDO,Diurno
8677,10,JD. LÍBANO / LGO. DO PAISSANDÚ,Diurno
8686,21,TERM. LAPA / MANGALOT,Diurno
8686,10,MANGALOT / LGO. DO PAISSANDÚ,Diurno
8700,24,LGO. DO TABOÃO / PÇA. RAMOS DE AZEVEDO,Diurno
8700,21,LGO. DO TABOÃO / PÇA. RAMOS DE AZEVEDO,Diurno
8700,10,TERM. CAMPO LIMPO / PÇA. RAMOS DE AZEVEDO,Diurno
8700,1,TERM. CAMPO LIMPO / PÇA. RAMOS DE AZEVEDO,Diurno
8705,51,PQ. CONTINENTAL / ANHANGABAÚ,Diurno
8705,10,SHOP. CONTINENTAL / ANHANGABAÚ,Diurno
8707,21,RIO PEQUENO / BUTANTÃ,Diurno
8707,10,RIO PEQUENO / TERM. PRINC. ISABEL,Diurno
874C,10,PQ. CONTINENTAL / METRÔ , TRIANON , MASP ,Diurno
874T,10,IPIRANGA / LAPA,Diurno
875A,10,AEROPORTO / PERDIZES,Diurno
875C,10,TERM. LAPA / METRÔ STA. CRUZ,Diurno
875C,1,TERM. LAPA / METRÔ STA. CRUZ,Diurno
875H,10,TERM. LAPA / METRÔ VL. MARIANA,Diurno
875P,10,METRÔ BARRA FUNDA / METRÔ ANA ROSA,Diurno
877T,10,VL. ANASTÁCIO / METRÔ PARAÍSO,Diurno
888P,10,PERUS / COHAB TAIPAS,Diurno
9002,10,JD. PERY ALTO / TERM. CACHOEIRINHA,Diurno
9004,10,JD. ELISA MARIA / TERM. CACHOEIRINHA,Diurno
9005,42,SÍTIO DOS FRANCOS / TERM. CACHOEIRINHA,Diurno
9005,41,JD. VISTA ALEGRE / TERM. CACHOEIRINHA,Diurno
9005,10,JD. PRINCESA / TERM. CACHOEIRINHA,Diurno
9006,10,VL. PENTEADO / TERM. CACHOEIRINHA,Diurno
9008,41,ESTÂNCIA JARAGUÁ / TERM. CACHOEIRINHA,Diurno
9008,10,PQ. DE TAIPAS / TERM. CACHOEIRINHA,Diurno
9009,10,COHAB BRASILÂNDIA / TERM. CACHOEIRINHA,Diurno
9011,21,CPTM JARAGUÁ / CITY JARAGUÁ,Diurno
9011,10,CPTM JARAGUÁ / TERM. CACHOEIRINHA,Diurno
9012,10,ITABERABA / TERM. LAPA,Diurno
9014,42,JD. IRACEMA / TERM. LAPA,Diurno
9014,10,MORRO GRANDE / TERM. LAPA,Diurno
9015,31,VL. ZATT / TERM. PIRITUBA,Diurno
9015,10,VL. ZATT / TERM. PIRITUBA,Diurno
9018,10,VL. MIRANTE / TERM. PIRITUBA,Diurno
9019,10,JD. PAULISTANO / TERM. PIRITUBA,Diurno
9020,10,VL. MIRANTE / TERM. PIRITUBA,Diurno
9023,10,PQ. DE TAIPAS / TERM. PIRITUBA,Diurno
9032,21,JD. DAMASCENO / TERM. CACHOEIRINHA,Diurno
9032,10,JD. DAMASCENO / TERM. CACHOEIRINHA,Diurno
9047,10,JD. PAULISTANO / LAPA,Diurno
9050,10,TERM. LAPA / ITAIM BIBI,Diurno
9051,10,LAPA / TERM. PINHEIROS,Diurno
908T,10,TERM. PQ. D. PEDRO II / BUTANTÃ,Diurno
9090,10,PQ. TIETÊ / TERM. CASA VERDE,Diurno
909T,10,TERM. PINHEIROS / TERM. PQ. D. PEDRO II,Diurno
909T,1,TERM. PINHEIROS / TERM. PQ. D. PEDRO II,Diurno
9162,10,VL. PENTEADO / TERM. CASA VERDE,Diurno
9166,10,JD. STA. CRUZ / TERM. CACHOEIRINHA,Diurno
917H,10,TERM. PIRITUBA / METRÔ VL. MARIANA,Diurno
917M,31,MORRO GRANDE / METRÔ ANA ROSA,Diurno
917M,10,MORRO GRANDE / METRÔ ANA ROSA,Diurno
9181,10,VL. TEREZINHA / LAPA,Diurno
9188,42,CAPELA DA LAGOA / LAPA,Diurno
9188,10,CAPELA DA LAGOA  / LAPA,Diurno
9191,21,METRÔ BARRA FUNDA / BOM RETIRO,Diurno
9191,10,JD. ELISA MARIA / BOM RETIRO,Diurno
9300,10,TERM. CASA VERDE / TERM. PQ. D. PEDRO II,Diurno
9301,10,TERM. CASA VERDE / PÇA. DO CORREIO,Diurno
930P,10,TERM. PQ. D. PEDRO II / TERM. PINHEIROS,Diurno
9354,10,TERM. CACHOEIRINHA / PÇA. DO CORREIO,Diurno
938C,21,COHAB TAIPAS / TERM. LAPA,Diurno
938C,10,COHAB TAIPAS / TERM. PRINC. ISABEL,Diurno
938L,10,TERM. CACHOEIRINHA / LAPA,Diurno
938P,10,JD. TEREZA / METRÔ BARRA FUNDA,Diurno
938V,10,JD. VISTA ALEGRE / METRÔ BARRA FUNDA,Diurno
948A,10,VL. ZATT / METRÔ BARRA FUNDA,Diurno
9500,10,TERM. CACHOEIRINHA / PÇA. DO CORREIO,Diurno
9501,10,TERM. CACHOEIRINHA / LGO. DO PAISSANDÚ,Diurno
957T,10,COHAB TAIPAS / VL. OLÍMPIA,Diurno
958P,10,JD. NARDINI / VL. OLÍMPIA,Diurno
9653,10,PEDRA BRANCA / PÇA. DO CORREIO,Diurno
967A,10,IMIRIM / PINHEIROS,Diurno
9701,10,CEM. CACHOEIRINHA / METRÔ BARRA FUNDA,Diurno
9717,10,JD. ALMANARA / METRÔ SANTANA,Diurno
971A,10,JD. PRIMAVERA / SHOP. D,Diurno
971C,10,COHAB BRASILÂNDIA / METRÔ SANTANA,Diurno
971D,10,JD. DAMASCENO / SHOP. CENTER NORTE,Diurno
971M,10,VL. PENTEADO / METRÔ SANTANA,Diurno
971R,51,CHICA LUISA / METRÔ SANTANA,Diurno
971R,42,CDHU VOITH / METRÔ SANTANA,Diurno
971R,21,JD. DAMASCENO / METRÔ SANTANA,Diurno
971R,10,CPTM JARAGUÁ / METRÔ SANTANA,Diurno
971T,10,VL. STA. MARIA / METRÔ SANTANA,Diurno
971V,10,JD. VISTA ALEGRE / SHOP. CENTER NORTE,Diurno
971X,10,TERM. CACHOEIRINHA / METRÔ SANTANA,Diurno
975A,10,VL. BRASILÂNDIA / METRÔ ANA ROSA,Diurno
9784,10,JD. DOS FRANCOS / METRÔ BARRA FUNDA,Diurno
9785,51,JD. CAROMBÉ / TERM. CACHOEIRINHA,Diurno
9785,10,VL. TEREZINHA / METRÔ BARRA FUNDA,Diurno
9789,10,JD. PAULISTANO / METRÔ BARRA FUNDA,Diurno
978A,10,TERM. CACHOEIRINHA / METRÔ BARRA FUNDA,Diurno
978J,10,VOITH / TERM. PRINC. ISABEL,Diurno
978L,10,TERM. CACHOEIRINHA / TERM. PRINC. ISABEL,Diurno
978T,10,JD. GUARANI / METRÔ BARRA FUNDA,Diurno
CT01,1,CIRCULAR / TURISMO,Diurno
N101,11,TERM. LAPA / TERM. PQ. D. PEDRO II,Noturno
N102,11,TERM. LAPA / TERM. PQ. D. PEDRO II,Noturno
N103,11,TERM. PIRITUBA / TERM. LAPA,Noturno
N104,11,TERM. PIRITUBA / TERM. LAPA,Noturno
N105,11,TERM. CACHOEIRINHA / TERM. LAPA,Noturno
N106,11,TERM. PQ. D. PEDRO II / METRÔ BARRA FUNDA,Noturno
N131,11,TERM. LAPA / VL. PIAUÍ,Noturno
N132,11,TERM. PIRITUBA / PQ. SÃO DOMINGOS,Noturno
N133,11,TERM. PIRITUBA / CID. D’ABRIL 3ª GLEBA,Noturno
N134,11,TERM. CACHOEIRINHA / TAIPAS,Noturno
N135,11,TERM. PIRITUBA / JD. DONÁRIA,Noturno
N136,11,TERM. LAPA / MORRO DOCE,Noturno
N137,11,TERM. PIRITUBA / PERUS,Noturno
N138,11,TERM. CACHOEIRINHA / JD. PRINCESA,Noturno
N139,11,TERM. PIRITUBA / JD. PAULISTANO,Noturno
N140,11,TERM. PIRITUBA / VL. MIRANTE,Noturno
N141,11,TERM. CACHOEIRINHA / JD. CAROMBÉ,Noturno
N142,11,TERM. PIRITUBA / TERM. CASA VERDE,Noturno
N143,11,METRÔ BARRA FUNDA / MORRO GRANDE,Noturno
N201,11,METRÔ TUCURUVI / TERM. PQ. D. PEDRO II,Noturno
N202,11,METRÔ SANTANA / TERM. PINHEIROS,Noturno
N203,11,METRÔ TUCURUVI / TERM. PQ. D. PEDRO II,Noturno
N204,11,METRÔ TUCURUVI / TERM. PQ. D. PEDRO II,Noturno
N205,11,TERM. CACHOEIRINHA / TERM. PINHEIROS,Noturno
N206,11,METRÔ SANTANA / METRÔ VL. MADALENA,Noturno
N207,11,TERM. CASA VERDE / TERM. PQ. D. PEDRO II,Noturno
N209,11,TERM. CACHOEIRINHA / METRÔ SANTANA,Noturno
N231,11,TERM. CACHOEIRINHA / PEDRA BRANCA,Noturno
N232,11,METRÔ TUCURUVI / PQ. NOVO MUNDO,Noturno
N233,11,METRÔ SANTANA / VL. SABRINA,Noturno
N234,11,METRÔ TUCURUVI / LGO. DO PERY,Noturno
N235,11,METRÔ SANTANA / PEDRA BRANCA,Noturno
N236,11,METRÔ SANTANA / JD. ANTÁRTICA,Noturno
N237,11,METRÔ TUCURUVI / PQ. EDU CHAVES,Noturno
N238,11,METRÔ SANTANA / CEM. PQ. DOS PINHEIROS,Noturno
N239,11,METRÔ TUCURUVI / VL. NOVA GALVÃO,Noturno
N240,11,METRÔ SANTANA    / CACHOEIRA,Noturno
N241,11,METRÔ SANTANA / VL. ALBERTINA,Noturno
N242,11,METRÔ SANTANA    / JD. CAMPO LIMPO,Noturno
N243,11,METRÔ SANTANA / JD. BRASIL,Noturno
N244,11,METRÔ TUCURUVI / JD. FLOR DE MAIO,Noturno
N245,11,METRÔ SANTANA / JD. PERY ALTO,Noturno
N301,11,TERM. A. E. CARVALHO / TERM. PQ. D. PEDRO II,Noturno
N302,11,TERM. A. E. CARVALHO / TERM. PQ. D. PEDRO II,Noturno
N303,11,TERM. A. E. CARVALHO / TERM. ARICANDUVA,Noturno
N304,11,TERM. SÃO MIGUEL / TERM. ARICANDUVA,Noturno
N305,11,TERM. SÃO MIGUEL / CPTM GUAIANASES,Noturno
N306,11,TERM. SÃO MIGUEL / METRÔ ITAQUERA,Noturno
N307,11,TERM. PQ. D. PEDRO II / TERM. PINHEIROS,Noturno
N308,11,METRÔ ITAQUERA / TERM. PQ. D. PEDRO II,Noturno
N331,11,TERM. A. E. CARVALHO / OLIVEIRINHA,Noturno
N332,11,TERM. A. E. CARVALHO / VL. CISPER (CPTM USP),Noturno
N333,11,TERM. SÃO MIGUEL / CID. KEMEL,Noturno
N334,11,TERM. A. E. CARVALHO / CPTM GUAIANASES,Noturno
N335,11,TERM. PENHA / ERMELINO MATARAZZO,Noturno
N336,11,TERM. SÃO MIGUEL / JD. CAMARGO VELHO,Noturno
N337,11,TERM. SÃO MIGUEL / JD. CAMARGO VELHO,Noturno
N339,11,METRÔ ITAQUERA / ARTUR ALVIM,Noturno
N340,11,METRÔ ITAQUERA / JD. STO. ANTÔNIO,Noturno
N341,11,TERM. SÃO MIGUEL / VL. CISPER (CPTM USP),Noturno
N342,11,TERM. PENHA     / JD. DANFER,Noturno
N343,11,TERM. A. E. CARVALHO / METRÔ ITAQUERA,Noturno
N344,11,TERM. PENHA / VL. CISPER,Noturno
N401,11,TERM. VL. CARRÃO / TERM. PQ. D. PEDRO II,Noturno
N402,11,METRÔ ITAQUERA / TERM. VL. CARRÃO,Noturno
N403,11,TERM. CID. TIRADENTES / METRÔ ITAQUERA,Noturno
N404,11,TERM. SÃO MATEUS / TERM. PENHA,Noturno
N405,11,TERM. VL. CARRÃO / METRÔ ITAQUERA,Noturno
N406,11,TERM. CID. TIRADENTES / TERM. SÃO MATEUS,Noturno
N407,11,TERM. VL. CARRÃO / METRÔ BELÉM,Noturno
N431,11,TERM. SÃO MATEUS / JD. LIMOEIRO,Noturno
N432,11,TERM. SÃO MATEUS / JD. STO. ANDRÉ,Noturno
N433,11,TERM. VL. CARRÃO / METRÔ BELÉM,Noturno
N434,11,TERM. VL. CARRÃO / JD. IV CENTENÁRIO,Noturno
N435,11,TERM. CID. TIRADENTES / METALÚRGICOS,Noturno
N436,11,TERM. CID. TIRADENTES / BARRO BRANCO,Noturno
N437,11,CPTM GUAIANASES / TERM. CID. TIRADENTES,Noturno
N438,11,METRÔ ITAQUERA / HOSP. STA. MARCELINA,Noturno
N439,11,METRÔ ITAQUERA / COHAB FAZENDA DO CARMO,Noturno
N440,11,TERM. VL. CARRÃO / SAVOY/DALILA,Noturno
N441,11,TERM. CID. TIRADENTES / VL. YOLANDA,Noturno
N501,11,TERM. SÃO MATEUS / TERM. PQ. D. PEDRO II,Noturno
N502,11,TERM. SACOMÃ / TERM. PQ. D. PEDRO II,Noturno
N503,11,TERM. SÃO MATEUS / TERM. PQ. D. PEDRO II,Noturno
N504,11,TERM. VL. PRUDENTE / TERM. PQ. D. PEDRO II,Noturno
N505,11,TERM. SACOMÃ / TERM. PINHEIROS,Noturno
N506,11,TERM. SACOMÃ / METRÔ VL. MADALENA,Noturno
N507,11,TERM. VL. PRUDENTE / METRÔ SANTANA,Noturno
N508,11,TERM. SACOMÃ / TERM. PQ. D. PEDRO II,Noturno
N531,11,TERM. SAPOPEMBA / TERM. VL. PRUDENTE,Noturno
N532,11,TERM. SAPOPEMBA / HOSP. SÃO MATEUS,Noturno
N533,11,TERM. VL. PRUDENTE / JD. PLANALTO,Noturno
N534,11,TERM. SACOMÃ / VL. ARAPUÁ,Noturno
N535,11,TERM. SACOMÃ / JD. CELESTE,Noturno
N536,11,TERM. SACOMÃ / JD. ITÁPOLIS,Noturno
N537,11,METRÔ VL. MARIANA / TERM. VL. PRUDENTE,Noturno
N538,11,TERM. SACOMÃ / JD. CELESTE,Noturno
N539,11,TERM. SACOMÃ / HOSP. HELIÓPOLIS,Noturno
N540,11,TERM. SAPOPEMBA / JD. SÃO ROBERTO,Noturno
N601,11,TERM. GRAJAÚ / TERM. PQ. D. PEDRO II,Noturno
N602,11,TERM. GRAJAÚ / TERM. STO. AMARO,Noturno
N603,11,METRÔ JABAQUARA / TERM. PINHEIROS,Noturno
N604,11,METRÔ JABAQUARA / TERM. PQ. D. PEDRO II,Noturno
N631,11,TERM. GRAJAÚ / TERM. STO. AMARO,Noturno
N632,11,TERM. GRAJAÚ / TERM. STO. AMARO,Noturno
N633,11,METRÔ JABAQUARA / MORUMBI SHOP.,Noturno
N634,11,TERM. STO. AMARO / JD. LUSO,Noturno
N635,11,TERM. GRAJAÚ / JD. GAIVOTAS,Noturno
N636,11,TERM. GRAJAÚ / JD. NORONHA,Noturno
N637,11,METRÔ JABAQUARA / VL. MISSIONÁRIA,Noturno
N638,11,TERM. GRAJAÚ / UNISA,Noturno
N639,11,TERM. GRAJAÚ / VARGEM GRANDE,Noturno
N640,11,TERM. STO. AMARO / ELDORADO,Noturno
N701,11,TERM. STO. AMARO / TERM. PQ. D. PEDRO II,Noturno
N702,11,TERM. STO. AMARO / TERM. PQ. D. PEDRO II,Noturno
N703,11,TERM. JD. ÂNGELA / TERM. STO. AMARO,Noturno
N704,11,TERM. CAPELINHA / TERM. STO. AMARO,Noturno
N705,11,TERM. STO. AMARO / TERM. PINHEIROS,Noturno
N706,11,TERM. CAMPO LIMPO / TERM. PINHEIROS,Noturno
N731,11,TERM. CAPELINHA / TERM. STO. AMARO,Noturno
N732,11,TERM. JD. ÂNGELA / TERM. JD. JACIRA,Noturno
N733,11,TERM. JD. ÂNGELA / VL. GILDA,Noturno
N734,11,TERM. CAPELINHA / VALO VELHO,Noturno
N735,11,TERM. CAPELINHA / JD. GUARUJÁ,Noturno
N736,11,TERM. JD. ÂNGELA / JD. HORIZONTE AZUL,Noturno
N737,11,TERM. JD. ÂNGELA / PQ. DO LAGO,Noturno
N738,11,TERM. GUARAPIRANGA / PQ. DO LAGO,Noturno
N739,11,TERM. CAPELINHA / JD. UNIVERSAL,Noturno
N740,11,TERM. JD. ÂNGELA / JD. RIVIERA,Noturno
N741,11,TERM. CAPELINHA / VALO VELHO,Noturno
N742,11,TERM. JOÃO DIAS / TERM. PINHEIROS,Noturno
N743,11,TERM. JOÃO DIAS / JD. PLANALTO,Noturno
N744,11,TERM. JOÃO DIAS / JD. VAZ DE LIMA,Noturno
N745,11,TERM. CAPELINHA / TERM. CAMPO LIMPO,Noturno
N746,11,TERM. CAMPO LIMPO / JD. IRENE,Noturno
N801,11,METRÔ BUTANTÃ / TERM. PQ. D. PEDRO II,Noturno
N802,11,TERM. PINHEIROS / TERM. PQ. D. PEDRO II,Noturno
N831,11,TERM. LAPA / PQ. DA LAPA,Noturno
N832,11,TERM. LAPA / PQ. CONTINENTAL,Noturno
N833,11,TERM. PINHEIROS / CEASA,Noturno
N834,11,TERM. LAPA / TERM. PINHEIROS,Noturno
N835,11,TERM. PINHEIROS / JD. JOÃO XXIII,Noturno
N836,11,TERM. PINHEIROS / PQ. CONTINENTAL,Noturno
N837,11,TERM. JOÃO DIAS / CDHU BUTANTÃ,Noturno
N838,11,METRÔ VL. MADALENA / EST. LEOPOLDINA,Noturno
N839,11,METRÔ BUTANTÃ / METRÔ VL. MARIANA,Noturno
N840,11,TERM. VL. MARIANA / STA. CECÍLIA,Noturno
N841,11,TERM. VL. MARIANA / STA. CECÍLIA,Noturno
N842,11,TERM. PINHEIROS / COHAB RAPOSO TAVARES,Noturno
N843,11,TERM. CAPELINHA / PQ. ARARIBA,Noturno